temperature,humidity,light_intensity,air_pressure,rainfall,label
13.77,65.88,430.34,980.32,29.13,apple
12.82,49.0,835.27,986.99,24.73,apple
15.64,88.53,571.14,1020.14,26.64,apple
27.37,66.29,620.21,1023.42,23.38,apple
24.53,57.05,352.66,1007.53,2.78,apple
13.68,91.3,776.72,995.54,1.73,apple
20.08,76.52,415.12,980.32,16.66,apple
21.59,93.83,180.75,996.83,10.12,apple
13.47,88.09,711.02,988.46,29.07,apple
21.68,49.8,474.08,1011.27,3.83,apple
26.08,65.89,983.75,999.25,2.74,apple
13.48,82.49,680.41,1021.72,19.87,apple
26.42,81.73,157.43,1010.88,2.36,apple
26.1,65.32,212.16,1021.39,23.73,apple
20.54,60.07,523.27,982.19,13.32,apple
24.35,65.46,649.9,1015.5,12.2,apple
24.36,85.58,926.36,1013.28,2.28,apple
18.34,56.98,542.51,996.68,22.72,apple
18.53,75.44,347.29,1017.64,27.92,apple
11.19,68.01,390.41,999.59,21.67,apple
27.31,65.12,869.1,1010.78,12.79,apple
21.97,74.85,166.77,1019.19,7.82,apple
20.3,52.49,793.0,998.25,5.95,apple
21.15,81.48,279.23,1008.03,3.86,apple
16.45,56.19,823.82,997.74,29.7,apple
17.03,79.74,911.56,1007.36,25.93,apple
12.66,50.75,187.24,980.32,16.17,apple
17.51,64.62,514.48,995.24,22.01,apple
23.7,88.51,182.05,991.91,23.47,apple
16.74,66.23,457.12,988.13,14.66,apple
13.26,85.09,601.69,1007.38,24.65,apple
25.44,55.25,217.57,986.97,27.79,apple
17.79,68.73,242.07,1022.25,24.1,apple
24.71,80.29,891.64,988.17,0.22,apple
16.78,75.39,815.99,997.01,20.31,apple
19.19,72.27,318.69,984.66,17.19,apple
17.02,87.03,166.16,1018.84,7.34,apple
22.31,61.8,818.43,1027.51,10.8,apple
11.68,59.76,723.61,1017.91,11.61,apple
26.09,84.75,962.25,999.75,9.78,apple
19.61,79.91,674.67,1014.54,24.31,apple
22.91,81.72,166.25,984.74,8.96,apple
12.43,72.22,307.28,987.08,14.62,apple
16.68,55.32,589.58,985.03,21.69,apple
24.57,94.18,171.19,988.26,6.68,apple
11.71,47.02,199.39,1001.5,18.7,apple
26.65,80.65,388.28,1011.14,16.81,apple
12.39,89.9,396.51,1024.59,17.22,apple
16.24,53.31,688.9,1005.11,24.25,apple
25.27,62.34,180.18,1019.62,2.73,apple
23.19,69.23,966.91,984.21,9.68,apple
26.97,55.62,579.66,1009.36,7.35,apple
15.69,94.08,953.1,997.26,5.25,apple
11.76,70.34,689.04,1022.16,24.92,apple
24.51,48.32,951.56,983.21,15.51,apple
18.79,70.66,157.72,1018.04,7.28,apple
21.32,72.34,104.06,986.01,3.11,apple
13.76,81.82,453.14,1018.22,6.33,apple
15.28,57.4,126.43,982.96,10.73,apple
26.26,87.37,122.58,1021.92,28.66,apple
15.13,78.22,181.42,1010.55,9.22,apple
21.14,61.66,688.34,1015.41,14.78,apple
14.95,74.82,401.9,1004.16,2.37,apple
13.2,77.35,798.44,1007.27,19.77,apple
21.2,92.69,225.66,1005.44,21.0,apple
26.6,70.35,208.23,996.45,3.66,apple
22.23,72.56,103.21,986.01,26.22,apple
24.29,86.12,826.26,1028.02,4.9,apple
11.26,54.11,793.11,1027.96,2.49,apple
12.87,62.18,395.98,988.84,21.74,apple
14.8,66.45,822.95,1013.01,12.32,apple
18.56,50.66,353.81,1027.29,28.14,apple
17.63,58.54,290.83,1022.57,19.38,apple
21.76,86.94,802.38,987.52,6.46,apple
25.62,87.43,222.48,984.46,6.11,apple
21.66,82.76,247.56,980.17,2.87,apple
20.16,75.54,384.25,1023.37,1.74,apple
17.03,58.95,827.53,1016.46,23.04,apple
21.13,54.05,402.21,1006.64,26.67,apple
24.46,88.31,173.33,1016.44,16.73,apple
14.23,58.91,114.65,1023.7,2.7,apple
23.89,70.12,797.57,998.11,19.25,apple
24.7,60.49,928.65,1028.87,27.54,apple
12.7,86.58,670.12,995.31,19.75,apple
24.99,89.82,819.08,982.57,26.06,apple
24.73,64.01,717.34,981.05,2.01,apple
23.08,72.48,828.83,993.94,4.22,apple
25.43,72.5,356.98,1003.0,6.39,apple
19.9,68.57,771.54,1017.4,9.5,apple
12.89,64.17,678.12,991.01,29.95,apple
11.45,72.1,867.95,987.87,11.95,apple
15.35,54.89,731.56,1007.74,16.12,apple
26.09,91.2,220.58,993.74,11.33,apple
16.56,92.68,645.97,1005.64,8.73,apple
17.81,56.47,681.8,999.62,16.92,apple
15.06,74.33,933.53,1002.42,17.95,apple
18.33,61.12,271.05,1022.24,12.33,apple
19.35,52.79,490.49,985.6,9.85,apple
24.73,94.84,545.34,1009.11,27.29,apple
13.75,74.14,687.16,980.12,5.82,apple
18.87,79.1,642.68,993.08,28.29,banana
26.02,68.62,679.14,1004.05,20.01,banana
18.85,58.43,164.34,1001.3,8.76,banana
16.85,53.38,210.78,1006.38,29.37,banana
17.87,95.96,206.02,1000.24,14.2,banana
11.92,75.95,958.01,991.26,14.45,banana
19.83,49.56,506.57,1013.93,18.69,banana
11.41,52.08,783.96,1024.25,15.31,banana
18.78,69.59,194.03,1025.56,10.86,banana
17.2,61.12,296.51,991.6,21.55,banana
11.55,95.0,771.34,994.11,24.9,banana
16.35,73.98,288.34,1029.41,10.89,banana
14.5,54.59,783.26,1008.26,29.86,banana
16.04,58.62,289.24,988.56,19.76,banana
22.99,94.97,123.65,1015.57,28.17,banana
17.17,88.44,743.51,1001.45,9.66,banana
21.56,69.34,778.36,981.25,20.43,banana
16.91,87.73,614.79,1005.33,17.05,banana
17.26,86.17,707.22,990.33,29.03,banana
15.97,91.65,285.59,981.29,2.54,banana
18.95,52.85,227.04,1002.84,22.29,banana
27.58,66.39,463.31,1015.84,9.29,banana
22.19,53.15,609.62,997.12,17.39,banana
11.31,88.52,310.14,1019.5,22.15,banana
18.31,76.88,563.66,1026.72,13.77,banana
27.42,78.16,296.47,1005.18,9.34,banana
23.45,75.92,644.2,1009.21,14.86,banana
19.0,52.17,525.85,1027.1,29.9,banana
26.51,76.55,902.0,1019.93,2.12,banana
25.39,60.25,316.01,999.55,4.67,banana
14.49,72.6,151.05,991.61,18.31,banana
11.91,67.91,687.46,986.47,5.64,banana
21.53,63.27,522.02,986.91,10.3,banana
11.52,70.81,801.01,1001.24,5.44,banana
27.74,55.29,722.8,989.7,8.48,banana
25.66,86.81,175.86,1029.51,28.71,banana
25.92,49.5,376.78,989.19,12.32,banana
13.43,48.16,767.75,1019.56,3.58,banana
26.58,59.36,116.68,1000.14,24.97,banana
21.21,68.3,369.71,980.26,24.06,banana
27.58,83.46,610.2,980.04,22.31,banana
14.64,55.42,667.89,987.58,1.4,banana
13.12,73.93,170.18,1018.11,20.05,banana
19.75,64.51,562.52,997.7,16.88,banana
13.13,57.14,702.4,998.28,2.85,banana
24.61,68.61,551.34,995.18,12.26,banana
24.13,71.45,296.11,999.25,8.72,banana
13.0,82.08,844.58,980.93,27.28,banana
26.57,50.2,904.66,1028.74,1.68,banana
26.39,72.55,163.45,997.19,9.36,banana
23.05,63.52,404.66,1022.34,17.17,banana
26.57,53.16,436.84,1022.66,6.33,banana
15.54,49.06,464.58,1025.89,13.03,banana
20.21,67.01,342.04,984.76,28.78,banana
25.47,91.97,203.24,980.69,5.31,banana
13.97,86.44,684.17,985.91,4.03,banana
14.79,86.11,127.1,1000.28,23.03,banana
24.41,62.76,661.1,1005.17,22.91,banana
22.16,80.32,454.19,983.77,20.07,banana
16.2,73.45,853.12,1029.35,19.81,banana
26.45,83.22,392.36,983.41,25.1,banana
15.27,85.39,482.95,1007.0,23.43,banana
15.87,50.39,657.98,999.1,28.76,banana
19.94,65.89,953.69,1014.84,12.18,banana
16.36,69.85,386.24,992.3,8.81,banana
15.1,48.25,719.35,1015.24,3.62,banana
17.82,52.54,419.11,1029.9,25.85,banana
22.31,53.56,706.35,1022.83,20.17,banana
24.82,62.95,479.58,998.93,22.22,banana
23.72,69.54,755.56,1004.26,26.78,banana
15.97,60.56,578.56,1009.82,0.28,banana
22.32,54.33,460.21,993.54,12.71,banana
23.19,64.88,804.7,1024.62,17.23,banana
24.85,82.87,355.66,988.21,15.71,banana
21.14,64.81,102.55,1007.88,5.01,banana
27.88,77.63,930.59,980.11,0.59,banana
23.66,72.78,413.68,1024.61,9.64,banana
22.28,69.57,653.52,1015.24,28.82,banana
13.39,95.4,739.47,998.31,28.25,banana
11.74,58.25,887.13,1012.61,23.69,banana
11.42,57.2,316.57,992.56,16.6,banana
13.59,89.3,394.58,1017.68,6.67,banana
27.6,77.29,881.15,990.97,18.27,banana
13.48,58.07,363.45,997.74,11.68,banana
25.87,52.55,121.28,994.79,5.19,banana
17.61,76.5,643.8,995.77,7.39,banana
17.06,50.3,786.21,980.08,6.29,banana
25.42,58.56,532.66,997.25,22.53,banana
23.19,95.63,746.12,1015.99,19.81,banana
24.79,83.83,911.21,1012.28,7.21,banana
24.61,61.62,324.64,1019.38,25.56,banana
18.0,89.8,974.15,992.63,14.12,banana
15.4,90.65,778.62,983.96,8.93,banana
12.68,71.23,342.6,1016.3,5.86,banana
23.14,68.98,181.47,1018.24,22.46,banana
21.5,95.58,205.37,988.1,26.43,banana
16.22,58.18,447.33,1000.72,26.42,banana
17.33,60.08,225.74,991.62,2.78,banana
21.92,67.25,253.99,991.41,0.14,banana
27.43,90.59,888.21,1007.16,23.42,banana
15.48,54.64,296.95,1017.31,1.98,blackgram
12.69,75.08,726.49,1017.65,25.45,blackgram
13.64,60.37,988.5,999.82,15.94,blackgram
14.3,47.8,287.47,994.02,23.47,blackgram
14.33,65.16,156.04,1002.96,13.42,blackgram
23.89,76.27,353.98,997.79,18.14,blackgram
23.37,83.29,935.56,989.0,22.02,blackgram
26.66,74.93,393.78,997.39,29.1,blackgram
23.73,90.94,735.11,1023.9,9.61,blackgram
19.52,48.98,171.07,985.68,22.48,blackgram
11.39,91.46,745.23,1003.19,25.94,blackgram
24.2,82.77,253.23,1011.96,9.81,blackgram
20.3,62.14,496.31,1003.65,16.6,blackgram
21.63,58.3,971.17,1001.08,23.69,blackgram
22.07,85.23,111.76,1017.72,20.06,blackgram
26.57,81.66,372.64,989.59,10.93,blackgram
18.65,82.68,447.29,986.56,20.43,blackgram
14.06,61.85,801.52,1023.94,6.44,blackgram
25.56,55.53,215.89,1001.82,17.55,blackgram
25.16,72.53,493.5,1012.8,21.9,blackgram
11.57,74.39,635.99,983.93,21.68,blackgram
23.27,95.38,946.33,1010.31,18.83,blackgram
27.48,78.75,778.62,1015.95,25.88,blackgram
25.13,54.09,480.95,985.42,18.9,blackgram
14.37,93.45,177.1,1024.18,26.68,blackgram
21.66,65.84,174.55,1008.86,17.73,blackgram
23.96,75.41,630.02,1029.58,1.37,blackgram
16.53,92.93,550.02,1012.89,15.1,blackgram
21.02,65.81,490.91,1009.66,14.4,blackgram
23.19,80.42,675.28,994.76,6.97,blackgram
26.03,79.35,500.53,1018.73,19.85,blackgram
26.85,74.27,717.74,982.62,5.95,blackgram
16.92,67.12,909.06,1002.29,12.5,blackgram
16.06,85.75,730.31,992.42,15.02,blackgram
18.7,75.88,973.44,992.5,28.37,blackgram
17.0,54.69,258.51,1025.55,26.21,blackgram
17.14,86.78,651.84,997.39,12.06,blackgram
26.29,95.3,567.57,1005.2,26.68,blackgram
26.98,67.88,954.65,995.58,23.47,blackgram
17.36,82.75,342.65,1009.61,7.95,blackgram
17.49,91.69,387.21,984.87,19.88,blackgram
19.37,58.0,103.13,981.39,2.48,blackgram
16.94,54.27,943.52,987.19,9.99,blackgram
16.48,69.4,698.71,1023.02,25.39,blackgram
23.33,60.44,567.05,994.45,29.97,blackgram
25.93,92.26,725.11,981.41,24.71,blackgram
17.48,72.26,141.07,992.24,15.15,blackgram
24.98,75.67,445.63,1013.65,25.49,blackgram
16.33,75.28,515.06,1029.72,26.84,blackgram
20.23,80.81,293.61,992.05,3.3,blackgram
16.41,68.95,704.87,999.54,19.4,blackgram
12.68,66.66,544.65,1004.08,18.77,blackgram
16.63,52.24,146.5,1010.08,2.81,blackgram
22.01,75.94,527.26,985.36,14.22,blackgram
13.15,78.73,619.3,1012.34,8.92,blackgram
12.94,84.98,151.69,1015.69,24.43,blackgram
15.69,86.42,203.94,997.78,29.53,blackgram
18.49,79.27,359.14,1011.79,7.64,blackgram
18.6,79.27,608.73,991.6,17.82,blackgram
21.88,89.17,162.19,1002.24,21.35,blackgram
11.69,72.01,861.58,1002.37,9.96,blackgram
27.01,80.4,267.54,1007.75,1.52,blackgram
17.41,52.81,881.72,1014.56,28.85,blackgram
19.38,90.88,107.79,986.77,25.08,blackgram
15.35,55.22,139.41,1021.3,2.07,blackgram
13.49,94.81,197.43,1016.65,10.53,blackgram
12.59,53.97,761.2,1003.2,3.21,blackgram
27.5,91.15,469.51,994.18,4.16,blackgram
18.8,89.89,325.37,983.94,7.23,blackgram
15.09,72.24,897.67,1005.3,18.8,blackgram
11.78,74.49,555.93,1026.34,11.47,blackgram
19.64,66.79,894.48,1017.15,13.79,blackgram
15.71,78.36,131.42,1027.72,6.19,blackgram
13.91,65.13,629.51,1002.87,28.73,blackgram
23.37,59.74,857.29,1013.9,4.39,blackgram
27.86,52.53,494.88,1007.22,6.18,blackgram
15.36,88.39,303.18,985.78,7.48,blackgram
24.99,56.95,469.31,1016.04,11.51,blackgram
27.01,65.42,199.16,980.52,14.14,blackgram
14.42,90.67,552.47,1002.57,22.04,blackgram
24.47,86.71,430.84,999.78,4.96,blackgram
18.69,94.58,987.67,991.36,9.52,blackgram
23.89,94.89,263.03,989.94,4.11,blackgram
25.39,52.94,114.54,1008.52,7.44,blackgram
19.77,70.16,428.23,1007.04,15.6,blackgram
20.61,52.43,732.19,1006.72,23.85,blackgram
18.04,88.54,193.51,981.88,6.3,blackgram
21.24,95.82,329.72,980.83,29.35,blackgram
11.71,60.61,779.9,1028.4,4.96,blackgram
25.29,52.07,421.63,987.67,24.71,blackgram
20.52,56.13,669.13,997.18,19.28,blackgram
18.12,89.6,733.79,992.06,11.82,blackgram
18.84,74.22,440.39,991.13,15.23,blackgram
14.78,81.56,538.71,1026.78,23.32,blackgram
23.48,72.63,230.83,988.35,18.0,blackgram
24.63,66.88,896.68,993.28,25.94,blackgram
19.81,95.06,776.18,1004.48,11.18,blackgram
20.09,88.5,937.28,986.79,1.07,blackgram
13.94,57.71,259.48,1012.68,14.81,blackgram
15.99,48.44,529.76,999.65,6.78,blackgram
15.23,77.37,964.06,999.27,11.72,chickpea
24.51,89.96,821.99,1009.6,29.01,chickpea
24.93,86.6,208.41,1016.01,29.61,chickpea
24.15,62.42,144.08,987.83,3.62,chickpea
13.13,64.72,547.8,1027.19,17.37,chickpea
12.7,48.77,918.52,1024.78,23.2,chickpea
21.2,88.21,704.68,1002.31,20.52,chickpea
25.25,76.33,855.13,1023.59,27.31,chickpea
26.12,69.26,831.1,980.11,23.42,chickpea
16.84,47.07,148.06,989.1,21.34,chickpea
18.02,68.59,487.64,1029.64,15.82,chickpea
14.41,80.22,361.95,989.65,3.46,chickpea
18.64,77.98,468.87,988.04,25.15,chickpea
26.7,51.96,276.53,1008.2,13.37,chickpea
12.1,67.31,378.34,996.95,19.44,chickpea
15.63,90.04,426.04,1009.61,12.07,chickpea
26.22,65.23,388.97,1003.46,18.49,chickpea
22.77,66.4,696.66,1009.24,7.42,chickpea
26.36,76.15,408.43,981.64,3.6,chickpea
22.7,60.71,586.76,1011.8,9.84,chickpea
25.23,79.84,743.12,994.28,17.13,chickpea
12.92,76.27,380.91,994.7,15.7,chickpea
26.02,60.29,817.12,1027.02,8.72,chickpea
20.29,68.65,803.22,1004.55,22.81,chickpea
18.67,88.57,334.72,1023.62,12.84,chickpea
20.08,57.52,599.73,1005.23,19.59,chickpea
24.19,80.61,483.59,1029.25,1.08,chickpea
14.59,70.83,321.93,1024.45,11.78,chickpea
17.36,86.57,518.62,989.01,12.28,chickpea
16.38,49.7,847.12,1005.86,8.18,chickpea
15.17,88.61,724.83,998.98,10.07,chickpea
15.65,62.44,128.11,992.8,6.26,chickpea
22.97,81.55,568.23,1020.38,27.02,chickpea
21.4,90.44,452.42,1018.01,14.97,chickpea
20.99,88.46,770.85,991.77,18.24,chickpea
11.55,85.17,915.15,992.15,10.22,chickpea
27.7,61.57,491.73,1013.08,1.71,chickpea
18.16,76.41,978.65,1005.44,26.99,chickpea
13.68,73.12,970.77,986.33,8.94,chickpea
18.99,78.61,662.15,1027.58,9.04,chickpea
11.15,57.83,842.66,999.49,9.66,chickpea
26.31,68.88,945.7,1011.36,6.7,chickpea
18.48,61.83,204.92,1024.54,7.54,chickpea
12.13,57.27,297.49,1011.37,0.32,chickpea
20.3,72.25,128.19,1019.57,24.22,chickpea
15.21,77.49,849.05,993.78,16.77,chickpea
12.83,50.55,115.89,1012.52,24.52,chickpea
23.15,68.73,493.07,1002.38,17.7,chickpea
20.69,53.7,940.57,996.18,9.91,chickpea
16.11,70.45,335.49,992.18,21.43,chickpea
12.07,52.49,139.03,980.22,8.99,chickpea
21.28,55.85,775.06,985.93,18.02,chickpea
15.5,83.63,450.72,1022.61,5.37,chickpea
23.41,84.8,410.6,1007.21,1.71,chickpea
18.26,80.28,192.0,1001.27,11.58,chickpea
26.46,80.86,393.72,1026.57,23.33,chickpea
26.79,85.35,907.91,982.42,7.65,chickpea
25.5,68.43,731.1,998.22,4.43,chickpea
13.47,93.76,499.85,1020.7,1.93,chickpea
16.81,67.85,948.93,1028.77,1.13,chickpea
26.04,60.21,487.31,1002.85,23.52,chickpea
25.13,71.87,172.86,1015.47,30.0,chickpea
27.3,77.45,782.3,1000.33,27.57,chickpea
21.66,83.45,861.74,1024.92,27.59,chickpea
13.26,92.07,675.18,994.28,6.88,chickpea
23.2,92.96,829.77,984.25,9.03,chickpea
23.74,81.85,223.66,994.98,25.46,chickpea
26.76,63.61,519.6,1018.94,26.88,chickpea
19.17,70.47,774.98,1001.62,12.36,chickpea
24.63,53.7,868.12,1002.55,27.37,chickpea
19.51,53.87,501.24,1001.48,0.79,chickpea
19.93,47.02,440.4,992.55,6.38,chickpea
16.23,88.66,316.61,1005.46,2.03,chickpea
15.05,58.02,568.74,1009.83,16.17,chickpea
26.87,55.92,258.61,1022.07,20.35,chickpea
24.56,71.74,785.45,1009.76,1.74,chickpea
17.63,92.23,695.84,1001.4,1.03,chickpea
14.62,67.47,579.78,1027.99,23.43,chickpea
14.63,51.0,423.07,1005.72,27.36,chickpea
25.96,94.76,562.5,1019.93,5.04,chickpea
15.0,82.71,897.01,1027.68,14.32,chickpea
14.64,76.3,274.44,1007.17,19.97,chickpea
20.96,79.33,328.79,988.98,7.56,chickpea
21.61,58.71,758.08,991.58,14.85,chickpea
21.75,52.02,407.11,1007.39,23.82,chickpea
23.79,70.96,960.46,1000.36,10.39,chickpea
14.38,51.05,740.31,1023.45,13.33,chickpea
25.84,56.75,461.05,1018.34,4.6,chickpea
15.47,67.44,944.19,1015.12,20.23,chickpea
11.85,77.57,925.87,1009.0,2.08,chickpea
17.5,70.34,814.71,994.11,15.95,chickpea
20.84,81.41,572.7,985.04,29.25,chickpea
27.66,90.59,840.8,1025.59,12.12,chickpea
17.35,76.89,113.95,1027.15,15.56,chickpea
22.97,49.94,155.82,999.09,26.99,chickpea
22.7,81.6,709.45,1026.67,13.4,chickpea
11.56,86.77,164.86,994.52,28.75,chickpea
27.54,87.17,361.73,1002.94,0.64,chickpea
12.15,94.28,778.44,1003.72,25.95,chickpea
13.7,87.3,755.21,1016.01,12.98,chickpea
21.9,84.04,479.98,1010.39,5.48,coconut
13.97,57.14,978.61,994.56,17.67,coconut
20.56,58.66,829.74,998.79,22.37,coconut
11.12,57.09,346.07,1007.34,13.71,coconut
19.34,87.42,878.72,998.42,0.56,coconut
12.42,74.35,852.37,996.19,16.7,coconut
27.72,91.46,395.74,1004.31,28.31,coconut
11.99,89.36,747.5,995.76,4.64,coconut
22.57,59.61,134.28,1004.58,4.53,coconut
12.09,80.95,799.16,1026.39,17.04,coconut
27.43,54.02,572.99,1014.03,14.91,coconut
25.06,55.36,220.23,1004.68,10.67,coconut
22.68,76.21,720.76,987.73,9.94,coconut
13.03,48.93,892.03,1017.7,16.53,coconut
21.07,59.12,866.37,993.08,11.07,coconut
23.83,91.82,965.33,1023.91,24.18,coconut
18.41,85.17,136.65,1028.01,9.42,coconut
12.66,57.91,452.55,1009.87,6.74,coconut
13.38,79.87,390.07,1006.08,3.94,coconut
26.67,70.7,529.06,1009.39,13.55,coconut
23.67,67.1,310.96,1009.34,19.37,coconut
11.41,80.04,121.22,980.4,17.42,coconut
15.38,72.22,964.93,1025.12,8.13,coconut
16.86,80.64,952.75,1016.35,3.07,coconut
21.26,86.08,118.52,988.73,18.73,coconut
11.46,67.85,312.92,989.47,20.1,coconut
20.28,64.69,674.68,1015.89,5.09,coconut
14.68,48.36,739.49,1014.01,14.57,coconut
22.35,50.08,982.2,981.58,17.06,coconut
25.43,60.29,959.66,1011.86,4.02,coconut
25.02,82.67,152.91,991.43,14.68,coconut
13.84,80.41,640.46,999.91,28.28,coconut
23.33,69.26,617.39,980.65,16.39,coconut
18.04,82.41,434.64,995.94,3.88,coconut
16.93,67.77,799.96,1009.2,25.48,coconut
27.34,68.33,254.09,980.05,2.8,coconut
25.83,66.69,938.58,1013.18,8.51,coconut
23.28,77.97,398.06,1014.82,0.05,coconut
17.97,61.61,506.53,1019.9,21.08,coconut
26.17,82.53,150.99,992.7,24.42,coconut
13.59,71.38,119.53,993.12,29.95,coconut
16.67,83.36,347.58,1019.0,5.3,coconut
21.51,59.41,654.14,1011.26,0.48,coconut
19.38,48.7,465.44,993.77,22.82,coconut
24.5,56.78,321.66,1004.5,12.53,coconut
15.35,66.21,309.0,999.18,18.01,coconut
27.14,59.85,404.28,1010.54,8.72,coconut
25.09,72.91,113.7,1018.96,3.74,coconut
26.54,74.31,564.44,1017.55,1.98,coconut
18.37,65.71,120.12,1023.23,7.62,coconut
16.13,65.64,892.74,992.02,4.53,coconut
23.69,68.79,963.25,1022.69,18.04,coconut
12.88,50.68,951.12,1001.97,0.35,coconut
17.83,81.53,747.46,1016.29,29.11,coconut
14.14,65.3,689.12,1025.66,20.83,coconut
18.84,82.27,183.7,1005.43,22.48,coconut
25.08,85.9,921.09,1007.87,18.11,coconut
15.33,62.6,704.84,1001.69,14.29,coconut
14.79,70.89,910.43,1017.28,13.63,coconut
16.17,92.7,362.91,1022.38,19.4,coconut
12.69,52.52,420.89,1022.55,22.34,coconut
23.14,68.01,310.16,985.97,6.43,coconut
21.24,50.95,132.46,998.67,25.02,coconut
18.08,83.29,470.35,1003.04,18.23,coconut
27.19,76.25,856.11,1013.21,5.1,coconut
16.98,62.94,138.73,1017.92,3.73,coconut
20.29,79.21,376.75,1009.4,14.35,coconut
18.81,66.14,253.45,1008.91,20.9,coconut
26.77,75.07,897.82,987.15,15.97,coconut
24.46,84.87,109.99,997.76,23.46,coconut
20.27,81.48,662.11,992.38,1.8,coconut
19.51,87.9,425.09,997.45,27.98,coconut
25.59,55.94,425.08,993.69,9.17,coconut
12.96,92.06,702.87,986.66,9.83,coconut
15.71,89.29,419.23,1006.96,8.13,coconut
22.76,87.29,309.36,1027.17,26.1,coconut
24.99,79.63,915.36,1001.58,17.99,coconut
19.85,51.48,464.28,999.92,29.82,coconut
22.64,73.43,677.17,988.02,8.3,coconut
16.02,68.5,691.64,983.19,28.26,coconut
26.67,92.64,787.48,995.23,26.54,coconut
16.78,52.4,708.91,988.36,18.92,coconut
25.79,93.16,904.09,1008.01,20.74,coconut
18.58,62.36,897.75,1011.62,1.42,coconut
23.96,73.61,777.4,990.78,4.52,coconut
23.35,73.9,744.57,1025.8,11.91,coconut
19.06,59.01,223.71,1016.09,23.64,coconut
12.09,86.72,734.72,980.94,20.55,coconut
19.22,62.72,257.23,989.94,22.97,coconut
22.49,78.75,288.95,998.92,22.46,coconut
18.26,89.69,910.17,995.5,2.32,coconut
21.62,65.77,785.31,981.56,21.61,coconut
17.09,75.32,970.41,1009.56,7.09,coconut
22.17,92.15,606.7,988.81,19.96,coconut
25.5,50.93,487.0,1021.9,13.42,coconut
14.35,80.9,341.25,1013.6,15.11,coconut
15.0,69.2,390.12,990.29,27.07,coconut
19.52,59.24,837.37,991.32,2.51,coconut
18.24,93.89,711.88,1010.01,21.85,coconut
14.62,66.52,438.35,1005.15,7.11,coconut
21.47,64.06,269.98,988.35,7.61,coffee
21.59,70.21,465.34,1019.32,7.92,coffee
23.64,94.71,257.69,1010.79,7.89,coffee
27.72,64.41,127.27,1010.53,23.23,coffee
13.18,79.09,980.05,1018.61,14.29,coffee
13.53,79.71,457.6,1027.77,15.03,coffee
23.88,55.75,492.48,994.29,28.81,coffee
18.3,84.98,250.38,1012.52,22.37,coffee
11.11,80.97,451.24,1013.56,1.17,coffee
11.13,70.5,959.72,999.17,23.28,coffee
15.63,90.42,975.97,1004.47,23.5,coffee
14.49,94.65,272.19,1003.88,27.32,coffee
16.26,52.43,337.42,1006.5,13.26,coffee
18.41,56.19,914.19,1021.87,7.56,coffee
20.88,82.71,912.6,996.92,16.27,coffee
22.82,56.86,941.93,988.89,6.69,coffee
18.41,50.98,874.96,1019.45,4.17,coffee
23.05,86.01,399.7,987.45,26.68,coffee
11.32,80.16,828.41,1002.78,10.55,coffee
27.49,49.49,903.12,989.19,12.49,coffee
16.54,78.74,133.07,1002.05,14.65,coffee
26.74,76.88,213.06,1016.53,1.49,coffee
19.66,61.83,217.68,996.51,0.96,coffee
26.34,70.95,601.52,1016.9,25.18,coffee
18.93,62.6,414.16,999.33,13.68,coffee
19.82,62.7,716.4,999.22,28.25,coffee
17.06,89.58,794.66,1023.19,12.95,coffee
22.64,79.35,820.85,983.28,29.48,coffee
25.04,88.71,908.72,980.93,3.28,coffee
25.15,52.99,203.18,995.81,25.08,coffee
23.28,92.73,229.97,1001.55,25.85,coffee
13.57,58.61,637.67,1003.86,22.77,coffee
14.1,87.03,583.46,1001.19,3.62,coffee
22.81,84.14,460.99,993.23,20.81,coffee
23.2,56.58,534.46,1001.69,22.78,coffee
21.87,54.81,649.36,988.5,5.05,coffee
20.8,86.94,473.23,1020.07,16.53,coffee
21.48,54.71,810.7,998.34,28.04,coffee
18.85,71.52,722.75,994.16,23.29,coffee
14.17,68.17,274.15,982.47,4.7,coffee
16.4,49.94,903.11,988.83,22.53,coffee
24.67,67.45,612.46,1014.26,23.26,coffee
11.62,50.55,650.55,1013.41,6.97,coffee
25.24,87.49,279.47,1013.69,21.36,coffee
27.84,87.18,843.95,994.62,6.63,coffee
18.82,72.62,482.62,995.79,6.06,coffee
12.15,79.03,814.33,993.86,16.33,coffee
24.91,89.5,720.72,1004.03,2.0,coffee
24.35,93.18,321.46,999.66,4.5,coffee
20.47,81.05,389.61,1024.44,6.19,coffee
15.61,81.12,307.66,1011.2,1.89,coffee
19.33,77.16,404.6,982.08,29.08,coffee
12.8,79.57,674.12,992.14,10.59,coffee
11.56,84.49,169.82,1003.04,14.72,coffee
14.46,87.23,559.71,1029.79,5.69,coffee
27.16,82.61,969.06,988.12,7.53,coffee
12.08,93.06,330.02,1028.24,21.49,coffee
14.43,67.35,937.76,1028.35,6.44,coffee
23.69,50.58,248.92,986.54,6.59,coffee
26.45,50.94,497.72,990.58,27.82,coffee
14.19,79.29,685.82,1017.16,18.96,coffee
17.41,83.14,988.65,1020.03,10.1,coffee
13.62,60.5,497.03,1015.17,8.66,coffee
18.94,69.57,876.51,1001.44,6.57,coffee
18.8,63.16,764.93,981.54,1.77,coffee
21.13,75.1,794.62,1025.78,21.25,coffee
18.37,69.39,918.89,1004.63,13.95,coffee
22.88,56.61,522.04,1019.66,12.13,coffee
27.46,82.93,139.14,1018.2,15.28,coffee
22.7,65.51,324.04,1024.22,21.4,coffee
17.58,53.8,901.02,1019.39,23.28,coffee
24.65,89.5,301.8,998.26,20.19,coffee
21.04,95.82,592.4,1016.78,29.74,coffee
23.93,51.44,830.89,1014.9,23.38,coffee
22.43,59.3,228.79,1011.01,26.61,coffee
26.97,72.71,842.36,1017.97,6.87,coffee
25.43,53.99,241.6,1020.0,6.57,coffee
12.59,62.66,883.53,1015.2,24.77,coffee
14.57,86.72,650.22,980.05,3.75,coffee
19.7,49.79,958.35,1017.87,10.09,coffee
12.84,63.83,902.83,1024.53,6.8,coffee
16.23,57.08,651.64,1026.62,18.28,coffee
16.53,51.65,210.4,1028.8,29.66,coffee
14.95,75.7,894.94,1027.46,28.91,coffee
19.24,74.38,669.88,995.63,25.12,coffee
20.91,72.29,691.44,982.02,6.93,coffee
20.14,57.04,773.55,981.16,24.21,coffee
22.88,60.46,908.77,1010.72,19.81,coffee
26.21,73.16,563.35,1026.66,16.64,coffee
21.32,71.99,252.97,988.35,22.21,coffee
12.61,49.05,917.02,997.76,1.97,coffee
25.37,93.2,840.68,997.82,20.62,coffee
14.1,49.91,153.33,995.28,20.78,coffee
17.61,72.01,372.62,985.54,3.73,coffee
23.75,55.25,353.42,1007.02,28.15,coffee
11.03,64.22,745.88,1027.75,1.16,coffee
12.48,67.84,725.66,994.42,21.0,coffee
21.3,51.44,832.19,989.47,11.55,coffee
26.09,57.51,989.0,1014.01,28.5,coffee
19.33,59.71,903.77,985.66,25.4,coffee
25.69,48.93,590.75,1010.5,4.22,cotton
15.63,71.22,394.78,993.73,29.84,cotton
16.36,86.95,175.81,1027.9,18.02,cotton
14.25,83.6,416.07,1001.93,16.48,cotton
15.32,55.39,673.73,1027.19,21.89,cotton
17.07,64.23,297.24,981.11,23.57,cotton
18.08,93.23,194.39,1025.78,14.4,cotton
12.12,95.85,778.43,991.77,23.67,cotton
16.72,71.75,290.62,984.73,14.48,cotton
18.44,49.34,946.2,983.04,15.51,cotton
27.0,86.58,297.28,1023.54,0.89,cotton
20.26,95.48,235.16,1029.38,2.31,cotton
23.99,47.89,244.14,996.22,3.48,cotton
23.74,52.52,579.98,981.26,14.85,cotton
12.52,49.95,590.03,1020.16,0.43,cotton
19.71,90.2,408.7,1000.65,18.35,cotton
14.32,48.95,511.17,986.74,15.38,cotton
13.29,50.92,782.86,1018.31,22.97,cotton
14.49,90.93,924.61,1025.02,21.02,cotton
11.94,77.95,147.53,1001.83,24.33,cotton
27.84,52.18,638.76,1010.44,5.63,cotton
15.61,52.6,270.7,1027.58,2.45,cotton
26.02,72.0,886.46,995.76,17.56,cotton
23.75,60.59,615.68,997.96,12.82,cotton
27.0,57.74,136.56,1001.48,17.36,cotton
14.49,53.68,339.6,1029.14,16.14,cotton
19.94,73.25,880.28,1021.54,20.6,cotton
25.65,50.3,101.95,981.58,13.79,cotton
16.18,93.78,429.99,1018.1,4.77,cotton
24.19,48.24,262.36,993.68,9.34,cotton
15.28,84.25,895.92,992.01,12.04,cotton
21.85,58.43,342.68,987.67,1.46,cotton
21.92,79.9,647.93,1007.13,17.01,cotton
19.87,66.01,973.14,1004.15,12.56,cotton
21.44,69.86,308.12,984.07,15.37,cotton
27.26,79.6,991.45,983.32,6.34,cotton
19.22,77.43,663.82,991.61,9.41,cotton
15.74,85.11,384.62,1028.62,15.84,cotton
21.66,82.77,671.86,992.03,17.57,cotton
25.69,72.24,601.32,1000.3,9.59,cotton
26.11,80.46,749.11,1006.26,17.96,cotton
15.57,93.78,641.7,990.01,4.88,cotton
20.33,59.4,392.82,1016.33,15.74,cotton
23.04,58.5,278.19,1016.7,1.26,cotton
18.35,50.55,428.65,1006.3,18.74,cotton
23.04,49.09,697.28,985.5,13.77,cotton
19.78,47.06,771.62,998.89,1.96,cotton
26.07,67.5,486.68,1002.37,17.5,cotton
14.14,86.09,506.54,981.14,3.37,cotton
18.38,77.0,828.6,997.5,1.53,cotton
15.26,81.61,476.47,1021.06,5.63,cotton
25.54,60.57,663.89,1024.57,26.82,cotton
20.36,66.01,575.72,1021.85,22.73,cotton
23.48,77.31,868.18,988.22,16.72,cotton
18.46,62.77,182.87,983.2,15.57,cotton
25.7,69.4,845.75,1018.43,5.7,cotton
26.77,64.9,398.51,1018.07,10.99,cotton
19.65,75.21,254.32,1006.67,17.38,cotton
15.57,93.53,577.51,1006.48,13.54,cotton
21.83,77.49,418.94,1007.17,21.76,cotton
21.16,69.2,605.2,1021.72,1.96,cotton
11.55,74.17,670.74,987.12,25.97,cotton
22.73,50.41,370.95,1027.15,9.68,cotton
24.09,94.75,826.64,1020.89,11.8,cotton
27.93,86.27,692.63,982.66,28.15,cotton
13.19,72.22,601.54,1001.85,3.31,cotton
20.93,79.83,686.79,992.24,29.31,cotton
14.03,73.94,315.18,986.83,3.9,cotton
20.67,62.68,528.12,1023.53,20.85,cotton
17.9,74.22,184.56,1015.37,24.93,cotton
18.54,71.6,318.68,1025.3,27.72,cotton
18.17,92.53,400.36,1015.69,0.63,cotton
19.66,51.19,626.29,1023.17,26.93,cotton
16.86,57.93,859.47,1023.58,3.88,cotton
18.62,83.23,586.25,1026.61,17.42,cotton
14.98,55.49,727.07,1017.03,0.52,cotton
25.75,92.85,980.48,1008.76,26.52,cotton
13.17,90.85,247.72,1029.6,17.01,cotton
16.01,77.0,942.87,1014.2,6.34,cotton
22.83,66.58,441.37,1024.35,0.69,cotton
22.25,58.52,485.0,1020.89,8.52,cotton
16.89,89.79,894.84,1003.06,11.07,cotton
17.23,68.18,756.3,1005.77,22.28,cotton
18.27,74.13,677.08,990.12,2.2,cotton
20.0,92.25,591.12,1000.11,10.0,cotton
11.15,88.09,547.24,1020.51,18.02,cotton
25.34,94.34,690.49,1011.08,22.45,cotton
12.33,66.53,970.21,1010.23,26.64,cotton
21.15,55.72,340.54,1023.19,5.73,cotton
11.62,76.18,703.34,998.74,27.7,cotton
23.41,88.91,743.35,1029.45,28.2,cotton
17.9,57.87,130.89,1002.96,21.32,cotton
24.64,89.67,489.74,1025.88,10.55,cotton
16.99,95.7,252.9,1004.42,6.07,cotton
16.09,67.95,764.2,994.29,22.8,cotton
27.78,85.28,773.58,1014.48,14.63,cotton
27.83,86.75,430.12,1021.61,5.56,cotton
11.57,81.15,422.49,982.55,23.42,cotton
14.92,91.52,735.07,988.24,17.02,cotton
17.51,81.61,305.28,1018.84,25.6,cotton
16.56,52.29,747.37,996.66,15.13,grapes
13.35,63.45,298.06,996.5,2.38,grapes
15.63,53.13,749.97,1009.41,22.29,grapes
17.47,47.25,769.52,987.51,13.12,grapes
24.44,64.87,447.65,1022.11,23.29,grapes
24.65,81.13,555.19,1025.75,8.53,grapes
22.44,84.39,971.99,982.97,10.95,grapes
19.91,67.24,577.75,1020.61,27.99,grapes
25.44,48.25,968.4,994.63,22.62,grapes
13.51,93.64,956.38,991.75,19.66,grapes
26.44,49.31,706.55,986.22,7.73,grapes
22.74,81.35,129.82,1015.02,7.53,grapes
13.46,65.34,515.59,1013.42,1.11,grapes
14.16,69.06,356.47,1007.29,10.71,grapes
15.46,61.63,856.71,993.31,15.52,grapes
24.37,73.02,747.77,988.42,27.24,grapes
15.88,81.54,946.3,986.11,22.93,grapes
16.61,49.94,431.95,1028.95,27.28,grapes
16.34,47.23,298.38,1014.49,29.27,grapes
16.47,51.64,346.69,996.2,26.22,grapes
25.86,95.41,980.32,985.47,14.66,grapes
27.84,67.11,997.78,1014.42,16.45,grapes
11.88,49.12,946.09,1023.81,18.45,grapes
26.03,49.63,770.54,1004.76,19.38,grapes
26.64,56.56,136.67,996.8,21.92,grapes
26.23,54.43,523.69,1028.34,12.07,grapes
25.49,76.81,504.37,982.52,26.81,grapes
12.51,82.47,397.83,986.2,14.07,grapes
27.58,84.95,561.57,988.04,9.7,grapes
20.17,75.52,554.95,1001.07,29.58,grapes
20.93,76.39,391.41,1007.71,0.07,grapes
18.39,48.92,640.99,1020.91,18.59,grapes
19.75,62.22,506.44,1015.75,22.24,grapes
16.75,83.35,976.63,1012.44,12.56,grapes
11.4,56.74,437.33,999.97,13.81,grapes
12.44,89.63,489.31,987.04,14.29,grapes
12.18,95.72,558.07,993.45,3.58,grapes
19.65,82.91,697.05,982.53,4.58,grapes
22.71,83.18,658.71,1006.0,2.27,grapes
12.02,91.86,487.51,1012.52,12.57,grapes
11.79,60.4,843.47,982.36,0.18,grapes
21.45,90.01,241.03,984.81,14.21,grapes
23.07,89.25,110.1,1029.62,11.38,grapes
19.3,58.91,774.69,993.78,12.85,grapes
14.66,83.61,379.65,987.48,25.22,grapes
20.38,66.46,375.01,986.75,4.14,grapes
19.33,47.8,673.43,1010.61,1.52,grapes
25.18,90.68,999.96,1017.41,28.14,grapes
21.1,56.75,780.32,999.36,12.79,grapes
26.32,90.34,722.01,981.53,13.5,grapes
20.25,61.44,792.81,1003.56,29.27,grapes
23.23,89.12,415.79,1008.64,27.36,grapes
24.57,81.76,917.58,1029.64,8.89,grapes
16.72,93.8,834.79,1022.76,6.41,grapes
16.92,65.06,442.06,1013.97,17.66,grapes
25.9,68.2,831.52,989.77,17.78,grapes
18.98,60.56,616.64,1028.97,12.3,grapes
21.82,71.15,722.87,1002.83,15.22,grapes
16.86,73.66,814.06,986.21,29.61,grapes
18.42,79.15,561.07,999.02,14.09,grapes
21.44,67.15,682.54,980.39,14.74,grapes
16.68,52.93,178.43,1026.84,17.83,grapes
18.91,74.37,339.8,998.56,24.02,grapes
21.52,55.1,379.06,1013.85,17.4,grapes
22.89,94.32,829.92,991.98,2.18,grapes
17.7,79.89,900.36,1009.34,3.2,grapes
21.8,89.99,487.46,1029.48,7.22,grapes
12.16,93.89,715.97,1012.29,11.49,grapes
20.24,94.66,945.15,1017.29,11.72,grapes
19.2,53.09,766.57,984.61,15.77,grapes
13.28,69.62,572.77,984.59,7.4,grapes
27.1,48.12,629.29,1020.93,13.18,grapes
19.87,63.15,210.48,1026.31,13.44,grapes
22.28,50.88,424.68,1021.86,17.62,grapes
11.62,88.12,519.69,996.62,4.74,grapes
25.09,94.24,983.78,995.94,4.54,grapes
24.74,74.9,341.37,981.48,29.94,grapes
23.43,75.7,620.54,984.92,9.96,grapes
23.18,51.2,276.24,981.99,27.09,grapes
12.54,65.3,116.29,1022.69,13.47,grapes
15.87,59.37,455.67,1017.34,2.24,grapes
19.98,48.98,265.25,1002.26,21.33,grapes
27.06,61.48,168.5,1007.02,28.15,grapes
13.86,51.36,139.35,1005.13,20.81,grapes
12.57,94.4,206.33,1016.54,21.09,grapes
26.91,89.31,523.82,1027.93,29.92,grapes
25.46,65.46,583.84,993.65,18.57,grapes
22.16,57.95,499.49,1009.27,16.14,grapes
15.89,71.8,328.08,1014.59,18.68,grapes
18.03,49.95,534.17,1018.81,6.01,grapes
26.61,50.12,476.27,986.18,24.62,grapes
19.04,75.82,907.91,994.55,22.08,grapes
24.17,87.36,279.34,980.1,4.99,grapes
23.71,73.0,847.17,1017.05,14.56,grapes
18.36,79.94,835.01,1003.64,4.4,grapes
26.16,56.58,829.44,1021.73,12.79,grapes
11.11,76.16,933.29,994.01,17.46,grapes
23.84,71.15,183.78,1018.78,5.29,grapes
18.6,73.99,194.13,1024.11,18.74,grapes
15.25,65.96,648.23,998.59,29.86,grapes
24.47,64.53,947.39,1029.2,22.41,jute
19.41,74.27,885.95,1027.34,26.2,jute
13.45,77.21,236.67,1014.0,2.61,jute
19.68,71.92,535.04,1007.44,13.68,jute
13.32,91.18,117.37,1029.55,26.92,jute
13.25,74.17,609.56,1016.48,13.8,jute
11.7,48.6,129.16,1024.83,12.36,jute
18.29,83.04,861.8,984.45,15.9,jute
14.35,47.75,224.62,985.15,22.32,jute
27.18,48.72,605.91,1003.71,10.65,jute
22.53,87.79,122.58,1020.96,19.01,jute
17.57,67.76,304.53,998.43,21.73,jute
20.27,69.55,805.7,1004.28,7.71,jute
23.27,95.45,669.14,1003.08,6.36,jute
20.4,80.06,856.5,993.53,27.36,jute
27.28,47.39,332.05,989.91,22.9,jute
12.41,61.01,992.15,1017.76,4.99,jute
15.84,90.15,260.68,1017.04,27.68,jute
18.7,52.33,811.47,1021.75,20.0,jute
14.7,69.12,607.94,1013.98,12.15,jute
21.89,95.04,865.98,988.57,18.4,jute
18.96,59.62,662.88,1017.33,25.59,jute
20.03,62.3,186.14,1021.04,23.58,jute
12.96,60.57,552.39,1010.63,4.36,jute
11.86,94.91,243.02,999.59,21.01,jute
11.76,86.26,368.58,1016.33,0.34,jute
22.21,48.17,508.47,1014.67,22.59,jute
22.25,90.29,522.38,989.61,21.75,jute
13.14,90.58,710.02,1002.51,7.97,jute
20.1,76.96,525.59,1008.94,12.3,jute
15.56,58.14,678.07,986.39,23.47,jute
15.71,85.94,668.16,981.38,27.6,jute
23.52,58.57,211.41,1007.97,28.8,jute
25.58,53.29,126.32,989.75,1.96,jute
16.97,76.85,549.92,1006.39,25.22,jute
12.61,87.2,136.38,1001.33,5.69,jute
20.45,60.43,398.73,993.42,10.4,jute
16.27,53.28,486.82,983.35,13.91,jute
11.56,61.59,811.0,1004.2,23.82,jute
21.57,93.9,828.24,1007.95,25.1,jute
20.29,66.73,323.34,980.86,8.99,jute
13.35,68.49,543.6,1009.25,7.43,jute
13.44,47.88,396.71,989.02,11.83,jute
25.51,56.85,317.08,1004.44,1.27,jute
20.57,61.67,445.62,1009.61,22.05,jute
11.85,60.64,758.66,984.77,9.8,jute
12.86,60.88,210.4,998.83,24.91,jute
26.79,93.46,825.29,989.93,27.97,jute
21.25,70.12,761.64,1015.8,7.92,jute
15.61,83.16,266.76,999.18,10.85,jute
23.63,62.61,887.54,995.35,24.88,jute
16.83,71.0,649.56,995.78,28.64,jute
13.52,74.04,231.8,992.15,7.97,jute
22.79,86.84,136.36,1019.41,20.63,jute
16.05,78.77,109.86,1005.89,0.42,jute
24.76,67.47,696.92,1029.34,0.34,jute
15.03,75.73,678.4,1011.53,11.96,jute
20.54,77.89,454.67,985.21,17.81,jute
25.67,92.46,195.76,993.04,7.23,jute
21.29,95.79,764.7,994.35,1.98,jute
16.33,55.36,456.29,982.95,12.28,jute
16.68,67.53,624.62,1018.9,22.78,jute
18.49,86.25,568.14,1012.74,26.29,jute
12.5,71.2,567.16,1018.98,11.93,jute
20.08,84.86,498.86,996.21,28.01,jute
26.55,70.3,186.48,994.35,18.09,jute
25.75,79.33,616.51,980.44,12.17,jute
22.1,59.92,877.63,991.43,26.89,jute
16.17,52.57,274.51,999.94,24.85,jute
16.26,59.69,851.44,988.57,11.93,jute
26.54,84.75,437.71,1003.42,11.09,jute
27.41,88.82,213.82,1022.5,12.66,jute
14.27,64.8,704.02,981.7,13.38,jute
15.63,48.42,711.68,995.96,13.33,jute
20.98,51.48,266.94,994.31,24.9,jute
15.63,70.87,516.81,997.39,25.63,jute
16.78,71.19,274.1,1013.41,17.04,jute
14.38,76.2,675.83,993.65,26.95,jute
16.2,65.18,432.72,1002.67,29.36,jute
27.24,72.39,413.28,987.92,5.16,jute
14.94,75.21,397.28,1027.29,3.96,jute
14.02,67.47,753.26,1001.37,20.78,jute
27.49,68.23,382.83,1023.11,21.64,jute
11.03,60.7,618.1,1025.01,8.72,jute
19.58,93.93,471.1,994.81,5.78,jute
26.72,72.89,912.91,992.96,16.32,jute
22.19,57.05,845.24,1000.95,0.14,jute
20.55,53.41,432.33,1019.77,20.49,jute
24.4,65.27,677.58,1003.92,8.5,jute
18.53,95.08,893.57,1020.63,4.42,jute
15.97,92.87,758.54,1027.02,3.83,jute
18.17,66.99,144.47,1021.11,24.44,jute
13.45,85.7,609.36,1013.99,2.87,jute
20.07,66.29,200.52,1023.01,21.28,jute
13.9,71.19,427.72,1027.02,20.98,jute
27.19,62.82,175.64,1016.99,1.87,jute
22.72,93.1,686.46,1006.19,5.42,jute
26.18,81.74,684.3,1013.41,16.86,jute
16.68,89.63,877.22,1002.95,9.14,jute
27.51,57.38,204.66,998.64,27.47,jute
20.63,49.38,887.52,1011.96,7.56,kidneybeans
17.12,90.94,139.88,990.98,18.75,kidneybeans
23.15,95.38,484.88,986.08,20.89,kidneybeans
11.5,78.62,225.95,1013.42,9.73,kidneybeans
13.08,81.35,856.94,1028.89,25.51,kidneybeans
17.37,69.13,303.49,1027.72,6.13,kidneybeans
16.16,72.58,714.85,1018.2,15.8,kidneybeans
17.07,70.9,803.0,1028.67,26.05,kidneybeans
16.41,54.6,778.5,995.62,29.91,kidneybeans
19.98,66.1,386.67,1021.15,23.28,kidneybeans
14.88,50.16,640.3,1001.04,26.86,kidneybeans
21.31,70.39,829.36,1022.25,24.68,kidneybeans
15.7,53.33,459.95,980.79,22.98,kidneybeans
13.46,75.57,953.12,1027.55,28.3,kidneybeans
22.29,74.28,550.41,990.18,10.51,kidneybeans
17.8,74.56,658.37,1013.98,2.5,kidneybeans
26.11,78.1,263.56,1025.92,23.49,kidneybeans
14.8,80.84,563.37,1014.48,16.02,kidneybeans
19.14,56.0,416.55,1024.33,19.69,kidneybeans
19.15,81.16,753.7,1010.55,21.18,kidneybeans
23.77,72.07,164.12,998.92,5.05,kidneybeans
17.72,66.72,474.92,983.15,22.61,kidneybeans
11.25,79.46,307.11,1015.13,17.84,kidneybeans
25.29,67.78,850.64,989.1,10.01,kidneybeans
27.14,51.94,883.82,1000.62,19.28,kidneybeans
27.1,89.51,430.06,1017.79,19.0,kidneybeans
19.68,83.58,583.04,988.95,18.22,kidneybeans
18.94,64.04,803.45,1013.97,28.14,kidneybeans
16.1,80.67,844.41,1021.14,19.66,kidneybeans
15.75,87.51,679.69,1004.87,15.32,kidneybeans
20.72,66.99,991.19,1008.93,0.42,kidneybeans
21.95,64.82,106.57,995.04,26.3,kidneybeans
27.57,76.39,895.56,987.83,12.82,kidneybeans
25.31,82.28,490.92,982.54,2.85,kidneybeans
22.08,94.87,510.77,982.33,20.27,kidneybeans
25.63,56.83,724.84,986.22,22.79,kidneybeans
27.28,84.1,839.12,989.87,7.62,kidneybeans
17.07,75.68,673.71,1026.95,15.74,kidneybeans
19.18,69.2,943.0,993.48,17.08,kidneybeans
16.92,84.26,322.29,995.3,1.46,kidneybeans
22.85,62.33,310.15,980.18,0.75,kidneybeans
14.83,48.39,734.47,992.88,4.0,kidneybeans
23.0,71.19,222.97,982.65,20.99,kidneybeans
13.92,62.48,323.78,1007.89,3.72,kidneybeans
27.11,63.31,778.95,1026.72,29.37,kidneybeans
20.9,81.82,311.95,1002.03,13.34,kidneybeans
15.27,51.95,592.6,990.87,11.41,kidneybeans
24.6,88.48,323.48,1012.4,2.82,kidneybeans
24.22,93.45,580.72,988.16,19.95,kidneybeans
25.17,47.21,288.3,984.56,17.89,kidneybeans
22.28,82.0,244.78,989.85,4.23,kidneybeans
11.56,61.67,454.16,1022.29,15.41,kidneybeans
21.83,90.38,210.02,993.86,16.78,kidneybeans
11.1,77.49,803.77,984.84,26.64,kidneybeans
19.87,50.39,112.64,1016.15,23.7,kidneybeans
22.65,49.81,663.75,1008.07,28.93,kidneybeans
26.41,92.82,878.89,1028.36,29.62,kidneybeans
20.32,87.53,364.99,1006.6,5.04,kidneybeans
13.43,90.34,502.02,1028.71,5.82,kidneybeans
18.5,57.36,349.2,1004.49,8.26,kidneybeans
11.05,61.28,776.09,1021.49,23.33,kidneybeans
26.99,60.71,394.79,1023.58,26.01,kidneybeans
23.76,51.1,772.74,1005.26,23.94,kidneybeans
21.76,55.99,991.57,1020.22,14.0,kidneybeans
26.11,82.25,858.76,1020.39,23.17,kidneybeans
18.32,52.1,739.27,1017.25,8.81,kidneybeans
18.61,85.47,272.17,999.62,3.43,kidneybeans
17.32,70.46,615.95,992.9,4.95,kidneybeans
24.73,84.89,351.88,986.28,28.5,kidneybeans
25.63,48.86,306.62,1000.59,3.75,kidneybeans
27.53,94.83,677.11,1002.01,16.64,kidneybeans
15.68,49.45,732.51,1014.75,17.39,kidneybeans
12.11,76.79,830.92,991.63,1.96,kidneybeans
22.25,82.86,970.94,1023.41,3.67,kidneybeans
12.54,60.32,822.96,1018.22,6.51,kidneybeans
25.7,56.97,814.9,1021.52,23.91,kidneybeans
24.84,81.33,310.34,999.8,24.43,kidneybeans
15.86,53.88,342.89,981.95,20.92,kidneybeans
15.68,69.34,369.89,1019.88,3.95,kidneybeans
23.16,85.88,269.39,1020.68,12.31,kidneybeans
18.6,81.85,490.91,1025.1,27.59,kidneybeans
23.23,75.6,359.16,986.49,5.11,kidneybeans
21.06,83.43,734.47,1020.81,18.07,kidneybeans
23.21,53.74,337.56,1010.59,2.76,kidneybeans
23.31,47.57,446.77,999.41,0.11,kidneybeans
26.34,60.58,831.93,1007.79,4.59,kidneybeans
19.96,49.86,295.26,1018.01,25.83,kidneybeans
17.09,55.11,134.48,1013.38,7.13,kidneybeans
17.79,91.8,331.52,1027.5,18.49,kidneybeans
15.8,57.75,986.95,997.8,23.4,kidneybeans
20.31,66.03,567.46,1008.1,12.7,kidneybeans
13.02,56.43,543.28,994.77,7.28,kidneybeans
12.9,80.33,658.28,1004.38,21.45,kidneybeans
27.04,68.3,559.05,1011.03,17.79,kidneybeans
19.52,71.62,567.21,988.81,8.65,kidneybeans
18.57,61.63,828.77,1010.25,7.29,kidneybeans
12.52,81.73,806.75,1011.37,4.64,kidneybeans
11.47,67.28,129.1,984.18,21.81,kidneybeans
22.96,58.89,299.57,1016.5,22.46,kidneybeans
22.24,49.08,501.18,1001.0,17.74,kidneybeans
15.47,72.6,798.33,1025.7,26.66,lentil
22.59,86.21,996.99,1006.38,4.23,lentil
22.33,87.58,878.46,989.81,6.79,lentil
17.01,81.06,644.19,1027.01,0.6,lentil
18.77,64.52,554.73,991.67,13.16,lentil
14.8,65.69,712.84,1003.62,5.86,lentil
24.65,85.41,859.84,997.9,15.65,lentil
16.46,61.16,894.19,1029.11,29.79,lentil
15.45,80.07,289.9,1011.65,24.17,lentil
16.07,74.25,791.34,1022.05,28.3,lentil
17.66,69.55,863.71,1023.75,22.67,lentil
16.45,90.76,317.16,1027.54,2.07,lentil
19.1,75.03,210.54,995.3,8.79,lentil
13.4,59.36,248.12,1018.31,3.35,lentil
27.7,59.17,473.03,1021.12,3.07,lentil
14.2,71.52,872.38,982.05,14.21,lentil
23.94,50.02,413.31,1009.45,12.03,lentil
26.66,72.33,288.73,998.77,4.79,lentil
16.51,89.45,164.91,989.25,1.23,lentil
12.16,86.92,540.77,1024.71,6.28,lentil
26.31,91.23,587.92,1026.17,8.76,lentil
24.85,69.08,348.34,1018.48,3.3,lentil
16.06,84.67,586.89,1021.2,16.96,lentil
18.7,84.77,392.79,1025.6,25.11,lentil
14.08,77.25,931.31,992.75,25.07,lentil
24.4,77.36,872.02,1001.79,3.17,lentil
12.06,55.58,562.35,998.42,25.49,lentil
23.29,85.42,165.65,999.39,29.04,lentil
18.68,62.38,509.43,1026.59,29.91,lentil
13.77,76.26,665.12,1014.44,8.39,lentil
14.94,64.36,215.76,994.31,9.32,lentil
11.54,74.18,680.11,1008.4,17.06,lentil
26.53,56.77,144.45,994.36,3.03,lentil
21.15,66.41,607.1,1025.09,15.22,lentil
24.2,82.75,172.98,981.2,7.27,lentil
22.58,86.97,371.21,1010.73,1.16,lentil
26.64,57.35,798.85,1017.32,26.57,lentil
25.42,63.18,957.51,987.24,12.78,lentil
20.45,78.17,761.89,987.21,14.78,lentil
23.61,63.5,219.03,997.05,29.01,lentil
16.71,90.58,815.66,1025.96,15.9,lentil
27.53,90.05,249.91,1006.08,16.3,lentil
19.7,91.34,625.73,1026.05,7.5,lentil
15.47,72.31,689.27,1015.57,23.9,lentil
22.95,56.49,368.72,1001.66,27.63,lentil
17.91,95.31,293.06,994.18,22.34,lentil
12.77,91.69,106.4,1022.2,22.24,lentil
20.75,60.64,180.09,993.32,5.53,lentil
16.68,75.09,719.63,1027.24,11.44,lentil
17.2,64.34,422.01,1007.83,25.6,lentil
23.3,59.03,568.46,988.79,13.83,lentil
14.57,90.69,843.98,1023.2,10.54,lentil
24.92,51.08,681.4,984.67,22.44,lentil
27.36,94.37,983.24,995.19,8.83,lentil
26.22,90.45,392.36,985.95,0.92,lentil
17.18,81.67,970.67,982.63,18.52,lentil
12.21,59.09,434.06,1025.97,17.31,lentil
18.14,49.33,893.67,985.08,5.38,lentil
26.28,78.18,595.77,984.97,21.51,lentil
24.93,85.17,100.99,982.46,7.25,lentil
19.34,61.04,135.93,1002.58,15.71,lentil
11.87,60.76,333.42,1007.37,22.58,lentil
27.87,78.63,874.18,1028.18,2.3,lentil
24.52,51.9,441.75,981.84,17.62,lentil
12.31,94.87,535.71,1001.28,10.38,lentil
23.02,61.31,891.35,1020.95,20.41,lentil
16.48,83.51,927.71,1022.82,17.31,lentil
25.3,73.75,185.28,1018.96,18.25,lentil
23.62,54.79,966.81,982.29,13.03,lentil
25.5,78.17,166.03,1027.04,13.72,lentil
17.89,47.91,942.78,1008.68,25.37,lentil
23.37,94.25,172.74,1000.55,20.3,lentil
11.77,95.78,451.25,987.85,7.19,lentil
26.96,82.29,225.11,1012.08,25.8,lentil
27.01,60.97,814.64,1007.53,20.89,lentil
12.48,58.55,932.18,994.5,28.54,lentil
27.93,91.87,917.68,1005.7,15.66,lentil
13.32,50.25,855.81,987.11,9.52,lentil
27.12,51.02,437.41,998.13,23.79,lentil
26.08,91.14,745.5,1017.8,0.31,lentil
18.71,84.68,229.12,996.39,3.6,lentil
11.55,54.45,688.66,987.43,3.27,lentil
23.71,90.73,285.4,1007.79,9.2,lentil
22.05,50.21,285.9,1015.58,10.07,lentil
15.57,61.37,181.47,995.1,21.33,lentil
20.01,91.68,533.12,995.4,15.27,lentil
14.56,85.9,856.17,992.85,5.41,lentil
13.17,89.61,505.11,1006.36,0.04,lentil
24.38,68.64,627.16,985.62,10.73,lentil
25.19,52.55,373.22,1012.62,8.51,lentil
16.01,93.42,310.65,989.95,28.03,lentil
20.8,75.38,178.1,1012.38,27.43,lentil
14.36,83.24,313.54,1028.37,9.34,lentil
18.0,55.36,500.81,1010.29,22.19,lentil
13.55,90.69,210.78,997.11,9.42,lentil
12.85,66.75,499.83,1008.02,14.58,lentil
26.73,92.77,110.85,1020.73,16.76,lentil
16.59,66.53,804.5,1001.28,3.56,lentil
18.26,68.96,455.17,990.36,22.55,lentil
19.87,75.39,831.28,981.58,21.77,lentil
23.5,94.16,245.54,997.3,23.65,maize
24.09,77.3,356.11,993.02,18.83,maize
18.57,70.69,510.02,1004.76,3.09,maize
12.71,78.53,541.2,994.99,3.61,maize
27.76,83.48,964.62,983.21,29.85,maize
12.31,51.43,139.07,1025.09,15.51,maize
16.1,64.63,783.52,980.76,18.94,maize
25.93,63.44,533.37,994.59,22.79,maize
22.52,53.53,799.28,983.49,26.12,maize
18.92,66.46,542.79,988.06,13.4,maize
22.94,69.28,683.17,1014.09,11.79,maize
11.46,49.18,226.97,1015.03,9.11,maize
20.86,76.05,672.37,1003.23,19.65,maize
20.07,67.19,784.82,1004.79,22.6,maize
17.0,71.58,977.47,1011.71,2.32,maize
16.07,73.03,114.57,989.28,23.46,maize
26.44,82.15,790.17,1022.6,20.48,maize
11.14,61.22,281.39,1028.71,9.88,maize
17.22,80.16,260.79,1020.46,4.51,maize
15.77,88.6,419.3,1003.17,19.3,maize
14.53,92.35,923.21,984.27,6.21,maize
16.32,53.74,334.86,986.32,14.5,maize
22.54,76.84,852.19,1018.34,11.71,maize
20.59,69.71,235.93,1011.73,24.72,maize
15.79,87.7,192.02,1020.24,0.73,maize
15.04,95.84,944.22,995.78,26.99,maize
26.67,83.93,714.06,992.73,5.15,maize
23.27,64.9,859.47,991.45,10.12,maize
18.22,73.74,404.38,983.08,28.4,maize
26.19,56.23,242.82,1012.81,13.03,maize
18.14,60.65,702.99,1020.8,1.74,maize
18.13,61.91,183.52,1007.62,5.64,maize
24.71,60.8,899.52,995.04,3.96,maize
11.75,54.04,406.87,1026.16,2.41,maize
18.06,68.05,509.29,992.64,9.8,maize
16.01,85.58,971.55,1023.01,6.27,maize
16.6,67.91,150.25,1024.75,4.49,maize
27.3,73.5,671.91,1015.74,24.92,maize
26.32,78.87,155.02,998.25,5.76,maize
17.1,90.85,227.46,996.58,14.17,maize
11.96,63.65,284.29,989.82,20.87,maize
20.95,54.79,569.49,1004.15,14.9,maize
27.89,71.16,261.88,1009.81,11.05,maize
16.75,53.2,996.68,983.06,15.99,maize
21.92,55.73,127.75,1004.54,7.58,maize
14.3,84.16,708.88,1012.27,0.45,maize
13.32,64.5,634.39,1022.09,8.77,maize
15.53,58.17,272.75,1020.3,4.6,maize
17.75,75.24,446.28,995.38,14.5,maize
14.2,53.16,534.68,980.47,22.92,maize
27.45,87.92,649.04,988.02,25.09,maize
25.83,89.18,552.85,1004.44,23.06,maize
16.61,58.36,469.61,980.75,17.3,maize
14.35,91.2,978.63,1001.16,15.17,maize
16.31,65.78,452.05,982.35,1.87,maize
25.43,81.9,302.9,997.0,28.19,maize
25.88,81.02,547.05,987.23,11.52,maize
19.0,57.37,426.37,1026.62,20.24,maize
18.99,56.95,555.15,1002.99,9.38,maize
17.39,85.1,383.64,1012.61,8.26,maize
26.56,72.91,558.71,1019.04,27.17,maize
15.8,78.19,225.18,1001.8,12.37,maize
23.77,67.53,737.01,1005.87,21.51,maize
21.55,71.0,288.48,992.3,14.65,maize
12.96,67.73,512.39,1003.95,23.75,maize
11.04,95.69,597.88,1003.01,11.94,maize
20.35,52.84,614.7,997.61,29.4,maize
20.64,85.22,789.46,985.57,13.34,maize
22.16,70.83,554.19,982.25,4.82,maize
27.73,72.53,432.03,1018.92,18.59,maize
24.44,58.73,369.09,1027.87,15.05,maize
14.02,88.17,541.98,1015.6,1.41,maize
12.0,69.24,281.77,999.53,17.28,maize
14.56,94.2,796.14,988.56,6.44,maize
13.23,72.95,258.89,1018.29,26.5,maize
13.91,84.88,267.15,1014.78,29.51,maize
12.18,76.76,747.71,1029.87,17.32,maize
15.55,50.2,498.18,1010.11,1.76,maize
24.65,71.18,452.57,989.33,24.72,maize
12.45,74.38,379.2,1010.85,3.63,maize
19.26,83.73,881.57,998.25,28.43,maize
15.47,91.6,515.09,1014.15,11.67,maize
22.26,62.22,602.79,1008.83,26.8,maize
20.69,54.98,510.02,993.41,4.17,maize
25.16,81.36,912.32,1024.93,16.04,maize
27.03,61.33,862.11,1000.06,4.71,maize
18.61,89.14,734.33,1007.82,19.28,maize
24.65,86.74,449.36,993.36,19.25,maize
14.52,55.31,144.79,1028.92,2.97,maize
14.07,89.98,314.97,1013.37,2.92,maize
27.35,82.68,979.0,1014.94,2.15,maize
20.2,77.57,335.09,983.97,14.0,maize
20.83,76.75,953.11,1006.71,28.16,maize
22.15,57.63,650.91,1008.75,10.82,maize
14.64,81.8,925.34,1019.96,9.43,maize
11.2,77.14,325.93,983.38,1.87,maize
12.3,73.89,843.67,1007.9,10.81,maize
24.94,74.63,452.42,1008.31,28.67,maize
20.32,54.42,755.42,1015.46,6.1,maize
23.28,80.6,940.74,1009.28,21.27,maize
18.62,93.57,222.58,992.94,2.52,mango
19.01,88.79,934.91,1029.4,22.83,mango
27.16,80.36,759.73,988.09,6.38,mango
18.94,47.65,548.47,1022.66,29.72,mango
22.94,86.37,116.69,1016.18,28.79,mango
11.75,86.84,797.68,1021.45,27.58,mango
13.37,53.49,588.72,1026.17,22.7,mango
26.71,82.49,462.39,1002.79,18.17,mango
17.39,53.76,298.12,1019.57,12.14,mango
17.06,90.76,830.03,1007.31,3.82,mango
13.77,72.93,143.69,980.99,13.8,mango
20.78,92.89,977.11,1004.82,3.79,mango
14.13,70.57,909.39,1028.39,12.45,mango
14.81,79.81,907.26,1007.52,3.22,mango
22.26,66.69,281.9,1011.51,0.07,mango
26.56,56.89,278.73,990.91,4.85,mango
21.22,65.97,208.55,991.6,22.11,mango
21.83,60.17,485.82,993.99,5.34,mango
16.95,79.84,420.95,989.07,6.15,mango
16.91,80.78,802.98,1028.94,14.64,mango
11.4,51.69,402.06,1009.31,24.75,mango
14.93,72.59,538.83,991.59,13.79,mango
22.17,55.41,586.68,1019.33,4.21,mango
19.62,90.04,787.59,1000.12,21.48,mango
13.35,59.6,626.32,1005.59,17.24,mango
23.81,93.15,507.94,1021.14,28.2,mango
15.13,63.74,396.6,998.93,10.08,mango
13.03,58.26,880.46,1023.31,18.2,mango
11.8,71.49,568.8,1017.86,0.29,mango
11.36,89.76,835.2,1011.66,27.04,mango
17.23,89.09,528.95,1017.87,18.34,mango
12.48,88.23,753.07,1014.94,4.11,mango
24.11,70.95,169.31,1016.49,18.91,mango
14.86,49.13,267.96,996.77,27.28,mango
14.86,82.14,513.34,1029.12,21.63,mango
11.59,74.94,257.52,1012.73,19.84,mango
12.88,89.44,362.33,1003.88,8.72,mango
11.42,65.38,175.18,1023.5,2.89,mango
26.25,81.32,968.34,1018.84,25.29,mango
18.18,57.91,898.64,987.12,29.15,mango
13.17,92.19,516.01,1000.01,23.2,mango
22.14,92.31,540.91,1023.48,19.06,mango
15.43,90.26,171.87,995.09,17.45,mango
17.21,51.53,178.53,997.15,6.34,mango
20.99,53.75,519.54,993.49,28.99,mango
12.1,67.34,797.27,1021.66,11.46,mango
18.03,63.44,304.34,1018.95,28.99,mango
15.53,66.87,785.44,1002.36,17.42,mango
23.95,66.64,724.05,1025.95,24.76,mango
14.19,87.46,759.87,992.08,8.32,mango
18.59,95.92,207.42,1007.52,20.93,mango
23.62,75.1,911.77,1017.43,19.14,mango
24.0,49.76,829.99,1000.74,7.93,mango
14.5,83.91,447.9,992.55,25.68,mango
25.61,51.95,179.07,1029.22,10.15,mango
22.55,55.91,817.22,995.52,25.09,mango
11.35,49.67,811.78,1011.77,23.0,mango
26.39,48.84,832.5,999.43,10.22,mango
11.54,52.56,507.27,1024.09,20.01,mango
13.44,83.47,706.91,1028.37,29.81,mango
21.37,81.71,713.94,997.18,24.06,mango
18.67,70.44,478.77,980.31,27.91,mango
21.51,49.6,118.31,1011.29,26.19,mango
23.21,86.81,213.72,1004.3,5.82,mango
13.02,58.71,731.48,1014.95,12.69,mango
15.3,88.82,525.83,1022.87,16.82,mango
16.73,59.96,451.71,1000.62,7.31,mango
17.42,52.7,486.94,994.17,28.88,mango
13.2,92.03,432.14,1021.94,29.51,mango
11.42,78.41,701.36,983.45,23.74,mango
13.22,80.29,853.49,996.1,10.36,mango
19.0,56.94,705.44,1009.05,11.23,mango
26.17,65.28,594.69,1004.59,6.07,mango
19.74,94.19,956.35,1006.73,12.8,mango
14.27,52.67,975.15,995.43,20.18,mango
24.73,83.3,217.01,988.6,4.76,mango
24.81,62.14,827.3,987.78,26.55,mango
20.65,81.55,122.92,1025.27,14.22,mango
15.44,83.28,553.7,1010.6,15.4,mango
25.75,87.7,504.99,984.31,11.75,mango
17.1,51.5,237.33,1011.82,3.06,mango
11.54,47.77,892.87,1010.5,24.14,mango
15.52,56.46,819.84,993.3,9.19,mango
11.42,71.13,545.23,1009.22,20.1,mango
15.21,63.28,488.65,1007.22,14.44,mango
24.61,51.52,183.74,996.27,19.31,mango
23.4,75.93,759.98,1014.5,28.04,mango
20.05,75.5,241.06,1010.52,5.49,mango
11.0,93.93,345.15,988.69,6.29,mango
26.36,94.65,485.87,985.88,3.83,mango
17.95,89.92,516.69,986.26,18.04,mango
22.83,94.0,269.18,982.49,20.52,mango
20.63,61.61,288.91,1006.67,22.38,mango
18.2,78.38,347.76,1006.08,25.1,mango
25.19,81.14,376.79,992.58,4.5,mango
24.5,90.7,731.41,1023.54,23.46,mango
16.71,75.0,596.58,1024.54,2.72,mango
23.93,53.78,346.45,1006.07,28.37,mango
12.96,84.43,543.56,990.38,9.33,mango
12.34,91.44,553.56,1005.34,29.32,mango
15.27,86.26,296.24,1014.44,6.9,mothbeans
26.42,56.25,749.08,1021.36,4.71,mothbeans
23.01,82.52,419.15,998.52,20.77,mothbeans
19.72,60.01,649.11,991.6,16.71,mothbeans
27.59,87.11,613.37,1021.25,18.97,mothbeans
12.69,62.76,873.95,986.34,22.72,mothbeans
15.91,64.4,685.97,987.25,15.01,mothbeans
27.03,77.01,856.35,1013.76,11.41,mothbeans
14.7,61.27,931.99,1006.33,11.59,mothbeans
22.13,84.66,810.68,980.15,21.44,mothbeans
20.26,91.64,199.25,992.82,16.45,mothbeans
12.83,66.88,427.29,984.46,20.67,mothbeans
19.98,64.09,875.6,1015.5,15.39,mothbeans
14.38,49.21,817.3,1014.23,18.95,mothbeans
13.68,51.74,117.77,1020.95,0.78,mothbeans
18.43,48.44,783.34,1025.89,7.57,mothbeans
19.97,93.2,730.31,1018.33,29.31,mothbeans
13.61,71.49,140.24,999.81,20.22,mothbeans
20.14,95.66,870.15,1018.44,7.97,mothbeans
12.98,52.47,146.48,1021.65,28.91,mothbeans
15.27,79.76,979.0,1029.13,23.6,mothbeans
22.85,59.36,789.58,998.11,26.75,mothbeans
17.19,62.65,664.35,988.61,10.0,mothbeans
25.18,84.49,708.42,995.66,17.68,mothbeans
20.53,82.74,333.56,996.83,10.51,mothbeans
23.05,66.55,616.3,995.29,20.44,mothbeans
15.73,67.82,791.32,1010.94,24.88,mothbeans
19.64,90.55,763.69,1021.2,16.29,mothbeans
13.44,74.47,221.51,986.51,23.87,mothbeans
25.3,66.89,978.58,1003.8,20.57,mothbeans
20.29,95.54,233.32,1011.67,12.55,mothbeans
11.53,80.6,430.36,990.45,14.79,mothbeans
20.71,56.49,981.66,993.86,20.25,mothbeans
15.8,56.84,209.48,1022.44,9.12,mothbeans
23.24,82.69,686.73,1014.16,3.14,mothbeans
17.85,81.15,671.78,1003.43,2.06,mothbeans
14.27,79.63,967.31,982.82,28.15,mothbeans
16.38,61.84,572.18,1010.47,3.63,mothbeans
17.59,91.03,886.38,981.17,5.11,mothbeans
21.9,95.1,297.08,1019.27,1.99,mothbeans
19.83,61.81,817.8,1029.91,16.85,mothbeans
26.64,81.27,431.85,1029.87,6.91,mothbeans
19.43,73.63,601.43,1000.27,11.52,mothbeans
23.1,55.36,825.73,996.71,20.33,mothbeans
19.89,51.02,268.75,1018.35,6.49,mothbeans
14.74,78.69,588.94,1016.26,4.38,mothbeans
20.17,57.7,781.81,981.69,24.23,mothbeans
14.35,88.77,421.67,990.58,0.12,mothbeans
27.46,92.92,231.69,989.77,17.62,mothbeans
12.76,60.55,856.49,1002.52,24.12,mothbeans
26.83,50.83,127.17,1022.35,1.15,mothbeans
15.04,63.08,295.59,1021.35,26.4,mothbeans
17.01,87.42,129.55,1011.75,4.26,mothbeans
17.38,65.86,349.64,988.94,19.75,mothbeans
13.66,93.75,695.98,991.77,8.85,mothbeans
14.81,73.99,501.46,983.65,26.23,mothbeans
12.43,84.37,653.22,1008.04,23.03,mothbeans
17.24,67.56,993.04,983.79,4.49,mothbeans
23.9,66.78,467.77,1016.29,10.46,mothbeans
11.34,66.75,511.58,998.82,14.21,mothbeans
12.71,70.87,476.12,985.77,3.11,mothbeans
18.31,79.72,643.84,1015.9,3.59,mothbeans
13.36,91.57,918.94,1028.36,12.35,mothbeans
25.69,68.99,679.99,1023.64,7.85,mothbeans
21.13,89.86,827.69,1001.95,25.36,mothbeans
21.56,50.57,798.82,995.03,6.04,mothbeans
16.0,83.53,568.96,1011.86,14.06,mothbeans
15.17,85.29,855.75,1010.73,19.01,mothbeans
22.86,77.28,621.66,984.66,4.07,mothbeans
21.66,95.6,669.02,989.78,7.18,mothbeans
16.41,48.01,929.7,986.91,16.03,mothbeans
20.71,65.06,480.91,1023.22,22.36,mothbeans
16.17,47.49,209.28,1004.24,28.42,mothbeans
16.13,53.71,991.03,1024.51,14.32,mothbeans
11.5,56.24,738.51,1015.3,14.63,mothbeans
22.39,77.06,468.75,986.71,2.1,mothbeans
12.99,70.36,322.5,1022.16,12.64,mothbeans
15.49,51.63,861.79,1014.22,2.09,mothbeans
17.71,69.77,479.88,984.85,16.93,mothbeans
16.1,82.12,684.17,1006.5,16.83,mothbeans
13.34,48.22,580.3,1024.61,21.82,mothbeans
18.08,66.0,441.21,982.0,25.57,mothbeans
13.4,64.38,396.61,997.95,0.41,mothbeans
23.56,52.53,123.34,1010.91,9.48,mothbeans
21.92,85.25,614.76,997.18,14.61,mothbeans
22.82,60.56,276.04,1005.75,19.31,mothbeans
23.4,73.98,977.1,988.1,4.88,mothbeans
11.72,92.98,995.27,1029.82,19.69,mothbeans
19.34,82.85,670.71,1029.73,13.98,mothbeans
13.34,82.07,250.07,1026.9,16.24,mothbeans
22.33,70.96,232.21,988.06,22.87,mothbeans
13.61,62.77,605.5,988.97,22.08,mothbeans
21.09,62.37,752.23,1011.51,6.66,mothbeans
11.01,75.86,348.16,1007.67,12.37,mothbeans
21.91,64.46,236.94,998.35,21.62,mothbeans
22.19,85.72,101.61,1006.22,11.5,mothbeans
12.7,57.07,633.31,993.87,24.89,mothbeans
15.51,94.68,723.79,989.85,24.69,mothbeans
13.72,90.97,668.57,1021.91,24.62,mothbeans
24.89,75.11,912.89,1017.89,11.87,mothbeans
11.51,50.62,156.76,1013.13,15.01,mungbean
13.21,84.1,477.68,1000.63,19.67,mungbean
21.9,92.67,321.71,1004.67,14.88,mungbean
19.31,83.24,882.83,980.14,3.34,mungbean
16.93,73.19,962.23,996.14,21.02,mungbean
20.45,69.77,136.62,1016.18,3.13,mungbean
16.69,77.72,964.34,982.02,28.77,mungbean
11.99,49.78,354.73,985.02,18.56,mungbean
14.5,74.09,530.44,1027.37,22.33,mungbean
13.74,66.07,868.63,997.7,21.84,mungbean
26.44,71.22,257.07,1026.58,17.97,mungbean
19.29,70.57,402.32,1018.04,0.21,mungbean
25.44,72.55,944.56,980.95,12.45,mungbean
27.58,47.59,152.04,1016.78,13.58,mungbean
12.84,82.65,507.82,996.68,19.99,mungbean
15.07,86.71,827.53,1009.99,13.6,mungbean
18.42,53.84,573.16,983.55,9.17,mungbean
26.73,62.52,792.65,985.53,1.14,mungbean
25.67,54.77,642.13,985.75,3.49,mungbean
23.01,86.88,126.21,1011.77,25.18,mungbean
14.77,67.69,297.07,1019.78,1.76,mungbean
22.23,78.99,659.5,1001.26,27.92,mungbean
22.08,92.43,608.12,981.97,4.64,mungbean
27.34,90.89,476.42,1029.88,11.4,mungbean
18.74,63.74,346.29,1003.26,26.49,mungbean
13.0,89.08,463.09,980.54,9.23,mungbean
25.43,55.52,828.4,1010.85,24.75,mungbean
16.44,71.71,476.51,1007.57,3.64,mungbean
13.43,86.51,537.95,988.25,3.08,mungbean
13.23,63.01,544.04,988.33,5.58,mungbean
15.93,60.84,445.61,1028.96,28.1,mungbean
15.85,85.21,456.55,1013.18,8.05,mungbean
16.14,49.91,306.34,990.02,9.42,mungbean
19.23,68.47,651.4,981.15,2.31,mungbean
21.2,60.69,921.26,990.71,2.13,mungbean
23.61,54.42,698.81,1014.32,12.23,mungbean
15.77,64.9,164.42,1024.52,13.56,mungbean
17.82,94.2,864.11,1018.4,3.09,mungbean
15.88,58.19,343.45,1021.6,4.84,mungbean
15.16,67.69,582.29,998.37,11.64,mungbean
27.39,63.99,412.73,992.66,24.01,mungbean
24.01,84.85,714.69,985.59,8.93,mungbean
22.31,54.62,278.07,989.3,8.27,mungbean
14.14,74.0,216.62,1002.3,6.79,mungbean
15.18,48.37,571.95,981.56,3.66,mungbean
18.65,84.31,932.75,995.33,11.83,mungbean
27.9,61.96,808.54,989.18,24.19,mungbean
12.61,78.85,980.39,1015.92,26.17,mungbean
18.08,79.55,362.65,1009.04,7.29,mungbean
17.91,91.05,796.81,1021.26,4.88,mungbean
11.93,71.41,215.36,983.92,15.03,mungbean
11.22,78.14,761.97,991.09,17.48,mungbean
24.8,72.35,588.05,1015.43,8.32,mungbean
19.28,74.66,190.37,1026.19,4.15,mungbean
16.77,59.25,342.9,990.49,11.89,mungbean
11.2,84.32,180.47,997.2,20.21,mungbean
25.81,49.79,886.04,1011.88,27.77,mungbean
24.32,75.52,213.32,1011.06,26.06,mungbean
22.23,61.38,840.64,1024.88,3.04,mungbean
20.24,69.76,444.71,980.27,28.94,mungbean
15.78,67.3,140.63,994.24,18.6,mungbean
11.94,86.33,943.33,992.59,11.84,mungbean
26.53,85.4,967.11,983.42,26.15,mungbean
23.27,93.48,529.47,983.93,29.42,mungbean
23.33,67.39,573.47,1013.01,9.97,mungbean
14.21,93.29,800.6,1000.81,1.63,mungbean
23.4,76.32,905.65,996.12,6.77,mungbean
21.08,83.81,661.18,998.63,11.48,mungbean
14.7,71.8,820.64,1027.03,29.56,mungbean
12.72,58.79,483.33,1022.79,20.48,mungbean
13.14,93.7,413.0,1028.03,24.62,mungbean
17.13,51.32,113.97,994.88,22.65,mungbean
13.86,73.48,353.73,992.92,25.62,mungbean
21.13,61.15,689.26,996.57,23.1,mungbean
14.74,70.98,958.21,1029.89,21.07,mungbean
12.19,64.08,290.58,1008.42,8.22,mungbean
15.49,82.17,964.3,996.65,12.64,mungbean
13.98,55.45,660.0,989.69,21.53,mungbean
27.67,47.17,515.73,993.72,14.7,mungbean
18.08,79.39,882.7,1022.63,8.07,mungbean
27.64,92.16,814.5,999.78,23.42,mungbean
24.66,58.39,595.89,1001.22,9.92,mungbean
19.27,90.25,823.64,1027.09,14.56,mungbean
15.34,59.8,477.05,985.12,6.05,mungbean
18.35,48.93,219.68,1007.02,11.03,mungbean
16.39,48.21,437.7,1014.76,4.37,mungbean
18.85,51.44,387.58,995.34,14.15,mungbean
27.11,65.63,392.95,1029.98,12.73,mungbean
16.79,71.15,248.79,1007.44,16.01,mungbean
17.15,83.82,631.74,988.59,8.44,mungbean
16.87,83.75,863.39,1017.99,8.27,mungbean
24.19,93.67,925.65,1003.8,0.66,mungbean
11.87,84.91,603.32,1012.49,26.51,mungbean
23.96,76.68,359.04,1010.99,21.53,mungbean
20.0,84.12,853.84,1029.73,14.7,mungbean
24.95,70.63,890.27,1014.19,11.56,mungbean
23.37,94.49,383.06,1014.28,21.71,mungbean
12.88,78.43,130.27,1023.32,15.77,mungbean
14.87,81.9,208.5,998.5,21.07,mungbean
27.41,65.71,875.94,1011.68,15.19,mungbean
20.81,94.55,174.91,991.72,17.38,muskmelon
16.1,49.29,392.44,987.44,2.83,muskmelon
27.74,69.48,283.16,983.72,14.78,muskmelon
11.77,76.05,945.46,986.55,14.78,muskmelon
17.61,92.81,945.04,1003.81,15.59,muskmelon
20.07,82.18,138.06,1005.61,4.15,muskmelon
26.85,76.93,733.77,980.41,17.81,muskmelon
25.97,63.95,226.61,996.81,6.74,muskmelon
18.58,59.8,859.54,1027.19,2.7,muskmelon
18.78,67.47,429.4,1010.93,3.97,muskmelon
18.23,90.99,583.95,1013.86,21.48,muskmelon
26.44,67.91,482.18,989.22,25.01,muskmelon
22.46,47.05,999.87,986.75,24.93,muskmelon
16.77,82.31,500.19,1012.24,10.71,muskmelon
12.02,79.08,872.52,1017.91,8.39,muskmelon
11.81,70.97,226.97,1021.31,2.72,muskmelon
11.22,49.17,352.47,1006.48,19.88,muskmelon
15.97,54.58,296.12,993.58,28.2,muskmelon
17.99,76.5,278.27,999.18,10.68,muskmelon
25.98,62.56,697.66,1023.23,13.73,muskmelon
18.51,48.33,490.65,1018.12,27.2,muskmelon
18.27,51.44,922.47,986.66,17.46,muskmelon
15.73,81.56,705.19,1012.93,18.77,muskmelon
15.94,92.22,855.59,1001.7,13.12,muskmelon
18.99,47.83,202.18,986.6,17.49,muskmelon
15.96,61.82,222.72,997.46,27.29,muskmelon
15.51,66.54,894.79,990.3,18.0,muskmelon
12.34,60.89,642.52,1027.56,8.88,muskmelon
19.65,48.04,469.0,1027.37,10.31,muskmelon
23.41,95.42,664.1,1016.05,21.01,muskmelon
18.87,58.62,986.24,1007.27,21.38,muskmelon
26.64,81.71,432.46,1015.49,26.88,muskmelon
13.64,55.47,333.72,997.77,26.86,muskmelon
26.93,47.34,787.91,1013.04,14.54,muskmelon
24.03,63.49,352.75,994.8,0.57,muskmelon
23.01,61.02,479.89,1003.96,13.17,muskmelon
13.45,81.79,338.89,1008.68,25.08,muskmelon
17.99,57.05,992.83,987.63,0.57,muskmelon
27.99,60.83,532.88,988.5,4.79,muskmelon
11.2,82.72,609.97,989.4,19.06,muskmelon
22.31,57.57,924.16,985.11,28.62,muskmelon
20.68,48.05,286.89,991.36,28.77,muskmelon
21.78,94.13,823.47,1021.94,2.51,muskmelon
12.89,80.24,907.2,1015.75,19.12,muskmelon
12.46,94.9,757.82,995.69,8.53,muskmelon
25.13,72.98,151.35,1005.74,21.54,muskmelon
22.36,84.5,598.85,994.37,0.39,muskmelon
14.59,53.92,808.19,982.67,16.27,muskmelon
15.03,57.49,765.02,1010.25,29.99,muskmelon
20.52,75.17,852.35,1017.2,16.66,muskmelon
12.81,75.78,301.76,1013.81,17.49,muskmelon
21.15,77.43,693.5,1004.67,9.18,muskmelon
19.73,85.27,196.42,1024.53,3.55,muskmelon
17.49,59.48,307.7,1007.65,3.83,muskmelon
11.25,90.22,704.21,1024.75,18.88,muskmelon
20.23,73.16,198.58,1003.76,6.53,muskmelon
25.86,61.14,647.07,996.01,3.97,muskmelon
18.87,63.61,985.5,1019.73,6.55,muskmelon
12.33,87.83,713.41,986.92,9.82,muskmelon
19.31,81.25,805.49,1023.78,14.39,muskmelon
19.78,68.69,640.5,1022.66,1.08,muskmelon
14.4,48.39,778.78,997.46,7.77,muskmelon
27.37,79.4,170.83,1024.21,25.42,muskmelon
19.83,89.07,308.77,987.96,3.35,muskmelon
26.8,63.48,465.66,1001.35,19.6,muskmelon
11.47,63.23,490.24,1008.22,7.96,muskmelon
15.76,69.11,619.47,996.86,2.82,muskmelon
15.38,80.87,477.78,1018.43,18.58,muskmelon
19.98,57.89,121.91,1009.8,22.41,muskmelon
23.42,48.52,682.09,1021.44,27.43,muskmelon
23.68,91.31,917.77,997.47,19.68,muskmelon
23.44,76.63,183.93,1006.41,19.0,muskmelon
13.76,78.31,173.31,1014.5,5.38,muskmelon
20.65,47.69,235.1,987.06,3.91,muskmelon
11.99,82.99,646.92,1022.49,21.24,muskmelon
22.05,59.09,418.94,1003.69,22.95,muskmelon
20.9,87.95,128.48,1021.94,3.78,muskmelon
27.46,78.75,403.52,1006.09,13.74,muskmelon
27.28,92.02,167.95,998.36,4.71,muskmelon
12.18,57.7,816.51,1008.4,11.57,muskmelon
15.88,62.61,499.67,1006.95,23.87,muskmelon
15.51,69.7,206.24,996.55,15.25,muskmelon
27.24,91.45,163.52,994.96,29.04,muskmelon
12.06,52.42,428.91,1002.42,12.17,muskmelon
16.46,81.75,771.08,1001.64,21.42,muskmelon
13.75,61.03,386.12,996.35,22.54,muskmelon
18.39,61.89,884.81,1006.25,22.05,muskmelon
17.18,92.78,429.02,988.15,16.95,muskmelon
22.21,67.94,486.99,1010.7,4.24,muskmelon
19.86,83.11,124.76,1017.51,2.93,muskmelon
11.24,64.41,554.86,1010.93,13.15,muskmelon
13.96,84.97,959.68,1003.99,25.1,muskmelon
18.39,87.59,663.48,1019.46,18.59,muskmelon
23.7,81.76,977.63,987.3,28.76,muskmelon
18.71,93.72,654.28,1000.13,14.24,muskmelon
24.33,76.4,655.74,1011.3,19.44,muskmelon
20.57,50.58,108.02,1017.98,4.99,muskmelon
22.32,67.74,683.2,1015.23,22.06,muskmelon
11.82,62.14,578.8,1014.1,26.14,muskmelon
24.36,51.73,666.03,987.36,17.38,muskmelon
17.69,87.58,912.02,1006.39,28.7,orange
16.74,66.37,856.37,1001.41,26.11,orange
27.44,56.61,622.99,983.94,23.07,orange
11.47,81.69,814.61,991.39,28.15,orange
26.32,54.33,629.84,982.21,5.49,orange
27.26,90.69,481.0,1013.85,15.45,orange
27.12,88.26,503.47,1010.26,23.32,orange
24.88,85.1,771.44,1011.61,18.77,orange
26.01,56.98,358.0,1006.55,29.75,orange
27.24,89.32,505.58,1006.67,21.12,orange
27.76,55.34,389.89,1001.58,11.06,orange
25.91,64.63,565.87,1010.06,26.42,orange
27.01,69.33,976.45,991.41,17.74,orange
12.06,68.14,809.0,995.19,29.81,orange
27.74,84.12,850.25,991.76,21.27,orange
27.06,51.34,221.08,1018.98,27.32,orange
14.17,85.91,573.26,986.47,12.01,orange
24.98,56.81,582.71,1012.37,12.83,orange
14.83,72.86,303.17,1027.14,27.66,orange
12.91,64.27,650.28,1009.41,16.99,orange
17.8,58.71,985.89,1024.24,27.56,orange
13.66,50.61,359.28,996.22,1.6,orange
27.86,82.1,760.12,1026.38,7.17,orange
16.66,65.73,293.32,1021.04,22.24,orange
14.97,75.62,131.57,993.04,25.91,orange
11.52,75.66,519.13,1023.36,27.65,orange
24.42,59.93,242.89,1010.26,22.37,orange
22.86,54.97,937.62,983.84,17.72,orange
24.36,62.8,658.73,1022.24,29.73,orange
11.74,57.48,485.18,998.81,3.7,orange
23.96,72.55,121.04,988.99,4.56,orange
25.92,88.76,283.45,1004.89,20.35,orange
27.02,82.13,617.04,983.85,9.18,orange
23.43,80.31,559.85,990.41,26.49,orange
23.35,95.5,884.48,1008.93,17.54,orange
11.55,92.83,956.83,1027.38,28.11,orange
12.65,63.72,654.68,1012.69,27.58,orange
17.24,79.82,631.15,987.32,9.6,orange
18.46,80.8,354.26,1028.38,25.32,orange
13.54,65.3,826.22,994.32,22.06,orange
15.94,87.03,156.72,995.15,11.1,orange
27.04,94.81,812.04,1004.4,12.29,orange
19.06,61.28,176.18,1026.94,17.12,orange
11.26,79.22,204.2,995.7,14.53,orange
16.89,80.57,752.82,984.8,7.47,orange
13.58,75.69,175.81,1000.78,28.54,orange
23.16,84.7,608.15,995.07,21.51,orange
25.2,65.6,500.99,1005.26,23.1,orange
26.15,71.16,242.09,994.74,24.26,orange
20.39,52.43,224.94,1017.84,3.21,orange
14.66,59.74,176.43,1016.96,3.97,orange
16.03,91.03,258.49,988.05,2.99,orange
12.97,89.29,752.7,1025.54,1.39,orange
15.31,68.39,632.81,995.08,20.91,orange
26.52,61.45,883.38,1016.96,14.44,orange
19.07,61.53,257.03,992.87,29.15,orange
14.14,71.4,348.76,997.9,21.3,orange
23.49,61.22,934.91,1012.51,14.55,orange
18.33,59.19,219.68,1005.85,11.32,orange
24.15,59.89,915.37,1010.04,13.11,orange
15.85,74.54,311.39,1027.41,27.04,orange
22.0,50.08,185.85,1017.42,9.2,orange
14.59,87.4,130.5,1011.31,22.04,orange
15.21,49.41,382.48,993.01,28.06,orange
17.28,55.23,365.14,1021.74,5.23,orange
21.59,48.51,340.55,995.1,17.24,orange
17.1,60.47,427.74,1000.49,19.94,orange
14.66,73.03,849.26,1007.05,3.38,orange
17.14,62.08,348.27,983.55,1.69,orange
20.38,89.8,112.82,1011.4,26.5,orange
15.53,86.57,750.47,985.26,5.72,orange
12.67,54.28,882.52,1017.6,8.45,orange
19.18,64.33,718.88,990.06,9.91,orange
26.2,67.32,471.27,1024.65,5.51,orange
27.46,67.27,503.82,1018.25,27.95,orange
11.59,94.19,500.28,1009.96,24.64,orange
27.65,77.78,376.77,1001.44,22.32,orange
19.58,54.72,128.02,984.51,11.86,orange
11.7,68.44,315.4,1015.73,14.61,orange
13.63,57.05,443.92,1005.54,15.27,orange
11.08,64.74,919.07,1016.69,0.22,orange
25.64,48.8,407.3,1019.69,23.95,orange
22.01,48.98,796.74,1009.13,2.72,orange
13.18,88.62,385.32,993.07,27.41,orange
21.2,76.37,325.09,998.16,22.0,orange
21.39,70.28,251.48,999.42,4.34,orange
16.71,76.35,412.41,1015.06,22.13,orange
24.89,91.26,570.76,1020.63,27.2,orange
26.08,94.15,390.54,1016.19,5.97,orange
24.19,93.01,820.16,998.37,10.28,orange
19.42,94.14,518.59,1011.22,23.28,orange
20.68,91.38,780.37,981.36,14.21,orange
25.46,85.43,229.46,980.52,2.17,orange
26.2,66.54,241.81,981.24,22.54,orange
15.11,69.49,200.8,1008.63,25.06,orange
12.54,61.48,193.33,981.09,22.02,orange
22.3,92.03,647.58,1012.49,12.31,orange
12.91,61.0,160.76,1020.19,24.32,orange
25.35,94.13,359.42,981.48,19.52,orange
26.04,74.03,807.01,1014.46,3.4,orange
13.55,82.51,193.83,1002.66,14.8,papaya
26.36,83.38,357.61,1028.69,8.04,papaya
25.81,93.77,272.28,1025.27,3.76,papaya
25.3,85.39,606.71,1024.51,26.83,papaya
15.21,60.54,172.58,980.62,15.97,papaya
13.69,85.61,836.04,1005.04,23.86,papaya
14.54,82.62,973.29,1000.72,18.47,papaya
25.01,65.08,607.93,1004.77,23.13,papaya
20.96,54.21,878.91,1016.96,8.98,papaya
24.5,50.05,824.61,1011.68,17.31,papaya
14.71,73.53,323.58,986.0,3.68,papaya
24.98,60.03,514.89,1016.83,0.42,papaya
16.3,95.34,511.39,1014.99,16.49,papaya
22.76,70.16,230.18,1016.26,17.94,papaya
18.82,81.41,855.89,986.24,14.44,papaya
18.43,85.16,860.37,997.49,24.75,papaya
22.02,93.37,890.22,991.92,15.63,papaya
27.07,84.21,813.66,1006.08,16.57,papaya
23.29,59.01,675.84,995.55,10.8,papaya
26.63,49.41,529.13,1006.96,27.57,papaya
17.8,49.69,663.59,1020.93,13.97,papaya
25.85,74.61,876.68,1028.25,20.45,papaya
23.99,52.86,134.0,987.78,24.32,papaya
19.43,48.96,755.1,1022.69,15.69,papaya
18.94,54.72,700.03,980.54,17.92,papaya
22.84,86.18,981.72,1018.77,27.68,papaya
18.4,57.29,721.37,1005.59,5.31,papaya
17.29,71.24,451.51,1016.22,2.4,papaya
25.28,70.83,315.08,1023.89,2.28,papaya
11.18,82.35,511.04,1025.03,29.4,papaya
20.77,80.44,536.44,1028.76,14.0,papaya
20.88,59.03,696.58,986.22,1.52,papaya
16.89,62.06,908.35,1019.15,28.46,papaya
14.86,52.42,543.55,1016.28,18.27,papaya
22.45,53.79,505.04,1006.52,11.39,papaya
22.82,60.78,654.84,984.99,4.39,papaya
22.51,52.49,416.78,1019.48,15.7,papaya
16.34,73.51,977.99,981.86,24.86,papaya
12.4,93.93,430.73,1018.63,14.72,papaya
18.79,92.12,110.22,984.03,14.54,papaya
25.93,76.82,202.06,985.09,25.81,papaya
23.48,61.97,766.73,994.7,18.37,papaya
24.35,70.8,444.45,995.83,29.95,papaya
19.92,48.44,342.51,1022.39,1.6,papaya
20.72,67.01,632.21,997.37,7.43,papaya
19.4,48.44,721.44,986.89,27.69,papaya
11.83,55.54,611.52,1028.81,18.66,papaya
17.03,48.01,888.95,982.91,17.05,papaya
15.13,87.33,355.18,996.73,21.31,papaya
16.37,86.06,991.28,999.7,14.2,papaya
14.48,93.8,713.47,1016.3,8.26,papaya
15.26,65.52,173.52,1020.51,8.69,papaya
18.58,47.26,542.37,986.7,23.62,papaya
16.31,57.18,496.71,1018.24,21.74,papaya
24.79,62.33,363.97,993.33,27.67,papaya
21.52,72.8,292.56,1003.04,27.34,papaya
13.85,70.69,896.9,998.99,7.88,papaya
27.79,61.72,562.62,1013.45,1.1,papaya
14.87,58.11,307.22,1023.68,26.1,papaya
15.36,55.83,398.78,1019.37,15.1,papaya
17.42,67.06,234.77,1025.36,2.02,papaya
13.24,88.0,887.96,1005.32,21.03,papaya
20.93,59.7,335.25,982.52,21.76,papaya
12.7,91.78,949.88,984.45,16.28,papaya
22.38,65.75,644.9,1016.3,10.5,papaya
24.83,92.28,717.96,1008.08,4.8,papaya
11.62,64.81,319.09,1001.7,28.49,papaya
26.27,83.34,198.78,998.77,2.96,papaya
13.47,76.24,774.37,985.05,8.41,papaya
13.4,79.73,288.43,988.36,2.11,papaya
17.46,57.29,620.48,1014.72,8.91,papaya
12.6,93.34,349.43,1009.35,0.34,papaya
16.7,83.61,119.87,984.08,11.62,papaya
16.15,66.96,671.86,1012.18,3.27,papaya
20.32,83.42,246.71,1005.55,24.06,papaya
23.62,67.66,544.57,1000.03,27.62,papaya
25.42,78.19,771.59,1026.41,15.26,papaya
20.3,81.31,738.92,1029.61,25.22,papaya
11.31,93.02,495.48,1027.19,26.27,papaya
24.87,47.92,464.12,1017.27,0.73,papaya
18.75,78.1,728.91,986.7,26.31,papaya
15.94,87.86,188.03,1025.51,16.75,papaya
17.3,84.62,731.76,1012.05,3.24,papaya
13.11,50.92,787.72,1004.3,0.54,papaya
25.39,84.04,233.2,997.96,12.44,papaya
19.45,59.83,113.16,983.02,17.52,papaya
24.0,70.7,375.57,1015.49,25.63,papaya
24.84,54.31,344.88,1024.74,18.24,papaya
25.4,86.11,857.93,1019.79,2.64,papaya
26.44,73.9,343.5,991.21,9.72,papaya
23.77,95.82,551.88,1014.05,4.09,papaya
27.27,63.84,369.35,1023.53,26.36,papaya
20.21,91.34,348.44,984.21,28.37,papaya
19.29,71.27,813.76,981.57,24.79,papaya
12.94,55.35,749.14,990.99,24.83,papaya
12.97,94.02,306.13,1005.47,22.14,papaya
13.53,61.36,608.54,983.0,23.28,papaya
18.82,56.23,622.77,993.66,21.06,papaya
22.41,74.51,187.54,1006.52,3.67,papaya
14.22,89.29,332.51,1001.66,8.17,papaya
16.14,69.79,122.12,982.4,18.8,pigeonpeas
14.94,69.03,398.91,1027.96,27.33,pigeonpeas
12.69,53.84,251.63,1011.57,9.58,pigeonpeas
21.1,90.91,756.16,1020.77,17.01,pigeonpeas
20.89,86.66,123.53,1019.72,17.41,pigeonpeas
26.41,65.62,369.05,1026.25,18.48,pigeonpeas
27.03,52.49,734.91,1029.86,0.63,pigeonpeas
25.52,65.49,835.52,1015.26,9.42,pigeonpeas
12.86,56.66,647.23,1027.52,18.26,pigeonpeas
23.57,57.03,369.45,990.66,9.0,pigeonpeas
27.64,51.21,296.17,1019.12,17.95,pigeonpeas
16.53,93.43,998.94,999.03,23.85,pigeonpeas
12.78,85.55,910.67,1011.41,1.76,pigeonpeas
13.26,82.07,402.96,994.98,26.63,pigeonpeas
27.04,93.58,996.59,1024.14,8.58,pigeonpeas
26.98,85.86,506.47,989.82,22.27,pigeonpeas
18.08,88.12,917.58,1009.64,21.1,pigeonpeas
16.05,90.17,443.59,1012.23,4.46,pigeonpeas
18.25,70.24,204.17,1004.85,16.73,pigeonpeas
27.21,75.06,380.19,1000.31,18.29,pigeonpeas
20.6,77.83,928.54,993.16,13.69,pigeonpeas
14.13,57.97,104.78,1021.4,27.96,pigeonpeas
16.51,91.52,629.89,985.99,26.98,pigeonpeas
14.44,51.64,442.04,1008.65,6.71,pigeonpeas
27.73,84.71,196.97,997.0,18.73,pigeonpeas
21.68,89.75,908.68,993.51,26.91,pigeonpeas
14.97,83.78,500.67,980.97,5.53,pigeonpeas
25.6,88.29,526.22,1006.4,12.6,pigeonpeas
20.77,61.28,181.99,997.78,22.77,pigeonpeas
19.45,85.35,712.64,980.31,22.39,pigeonpeas
27.74,80.48,148.44,991.48,29.36,pigeonpeas
24.33,52.98,972.24,989.38,17.53,pigeonpeas
13.2,66.72,619.8,984.7,25.06,pigeonpeas
23.54,59.25,860.06,987.76,25.19,pigeonpeas
23.82,75.13,500.57,1017.53,10.77,pigeonpeas
13.32,91.73,517.44,1018.39,16.87,pigeonpeas
14.41,66.38,540.21,992.86,7.64,pigeonpeas
27.51,79.18,741.55,981.98,15.16,pigeonpeas
19.86,81.85,159.12,1013.9,28.75,pigeonpeas
13.88,87.08,706.02,980.86,16.1,pigeonpeas
27.74,52.46,321.9,991.89,8.45,pigeonpeas
20.05,55.08,790.95,1000.6,5.1,pigeonpeas
13.87,93.85,425.91,1003.15,26.79,pigeonpeas
17.03,72.29,343.4,1012.52,5.45,pigeonpeas
11.63,55.98,133.82,981.48,9.48,pigeonpeas
22.1,86.83,461.23,988.58,28.77,pigeonpeas
24.76,88.3,484.85,1002.09,19.14,pigeonpeas
13.91,68.05,360.6,992.87,14.58,pigeonpeas
21.8,88.36,908.02,1007.15,4.36,pigeonpeas
14.38,59.46,749.07,1022.45,22.66,pigeonpeas
25.68,92.71,259.3,1003.54,28.36,pigeonpeas
15.35,93.92,320.61,1019.1,11.27,pigeonpeas
22.63,60.11,599.9,1027.73,11.25,pigeonpeas
11.31,52.13,564.93,1003.23,24.96,pigeonpeas
17.75,77.07,546.2,995.63,7.19,pigeonpeas
13.89,53.0,667.43,982.1,19.5,pigeonpeas
26.9,79.24,584.37,1012.28,16.34,pigeonpeas
16.06,79.85,370.39,1023.62,15.54,pigeonpeas
16.38,66.53,388.24,997.94,7.08,pigeonpeas
19.46,61.91,212.74,988.17,8.42,pigeonpeas
26.8,47.68,778.86,995.62,21.94,pigeonpeas
25.0,83.58,316.5,1004.66,24.07,pigeonpeas
19.22,63.55,814.63,984.45,29.01,pigeonpeas
26.72,75.71,474.64,1002.46,3.32,pigeonpeas
11.83,76.52,823.06,1017.65,15.13,pigeonpeas
12.85,49.84,517.97,1015.54,8.46,pigeonpeas
15.22,48.97,527.94,1013.28,15.47,pigeonpeas
26.64,95.91,614.08,990.96,8.61,pigeonpeas
13.33,83.48,214.04,1012.82,3.17,pigeonpeas
15.5,51.77,353.49,998.2,2.13,pigeonpeas
16.06,77.49,736.69,1027.37,8.8,pigeonpeas
19.54,73.1,750.74,1019.1,15.94,pigeonpeas
21.14,69.4,613.38,1027.98,4.05,pigeonpeas
22.58,80.21,403.35,1025.1,29.4,pigeonpeas
14.84,49.06,250.69,987.76,25.14,pigeonpeas
22.05,50.92,160.7,983.89,22.33,pigeonpeas
25.11,48.72,570.14,1012.61,6.6,pigeonpeas
21.08,73.56,823.84,1011.36,14.82,pigeonpeas
27.63,59.72,832.71,1025.87,5.43,pigeonpeas
22.48,48.35,520.88,998.82,24.9,pigeonpeas
22.98,85.79,559.15,1013.82,5.75,pigeonpeas
25.48,85.94,360.77,1015.43,28.69,pigeonpeas
15.75,69.57,504.24,999.1,19.53,pigeonpeas
12.65,92.3,688.36,1018.52,28.67,pigeonpeas
24.31,80.35,834.58,1025.28,25.99,pigeonpeas
12.0,47.92,525.84,991.29,5.77,pigeonpeas
15.37,64.05,418.49,983.32,3.77,pigeonpeas
27.85,81.1,970.61,1002.68,5.74,pigeonpeas
17.17,78.89,693.67,1010.98,22.2,pigeonpeas
22.36,49.65,710.18,999.66,1.99,pigeonpeas
27.13,91.2,972.43,1022.18,4.91,pigeonpeas
18.43,87.36,903.0,1005.87,15.13,pigeonpeas
15.12,71.07,996.18,1024.28,0.58,pigeonpeas
24.78,91.33,214.34,1013.41,12.65,pigeonpeas
15.96,93.05,749.62,1013.17,2.73,pigeonpeas
11.75,78.25,141.37,1027.46,10.26,pigeonpeas
20.5,73.43,897.79,995.43,11.06,pigeonpeas
24.69,87.63,169.84,1023.69,26.07,pigeonpeas
16.1,53.1,339.03,1021.59,2.31,pigeonpeas
19.86,76.81,144.95,1017.09,28.55,pigeonpeas
20.31,63.72,381.97,997.77,2.64,rice
15.85,73.57,839.16,989.62,16.79,rice
27.1,83.84,946.68,1028.62,23.56,rice
23.2,93.93,660.43,1011.05,8.78,rice
20.57,66.74,510.01,999.2,24.18,rice
15.43,47.67,598.07,1012.58,26.92,rice
26.6,82.78,387.92,998.59,1.33,rice
12.77,75.09,737.66,980.57,19.17,rice
21.43,60.88,276.74,1013.58,20.47,rice
24.84,69.69,356.67,1009.67,24.56,rice
24.49,55.37,886.79,1024.59,21.92,rice
18.99,65.13,349.8,1013.33,0.93,rice
22.72,53.06,251.45,1008.37,5.95,rice
21.64,48.73,223.44,1029.18,9.11,rice
24.49,89.37,222.39,994.05,1.06,rice
12.32,65.92,528.31,1019.76,9.73,rice
26.22,65.77,802.53,1012.83,1.89,rice
19.49,80.45,198.62,1029.81,12.73,rice
16.65,59.22,572.94,997.43,21.35,rice
20.42,59.61,372.43,1003.22,13.53,rice
13.43,75.29,894.91,1012.5,6.08,rice
21.44,57.85,279.08,1001.15,16.2,rice
21.46,76.02,853.86,1022.92,21.8,rice
27.72,77.28,847.09,984.23,4.03,rice
18.6,64.45,880.75,1027.55,8.1,rice
23.5,83.54,357.87,1013.1,7.84,rice
19.7,91.8,669.81,1002.07,11.43,rice
19.24,59.21,766.77,1025.07,7.43,rice
14.67,72.39,440.73,1026.08,28.8,rice
11.77,85.12,411.86,1022.06,9.41,rice
17.79,63.17,569.57,1012.79,25.9,rice
23.59,58.52,414.5,1001.93,12.77,rice
13.55,77.69,156.72,1010.36,27.76,rice
17.57,49.17,600.19,1015.49,6.25,rice
19.13,64.4,212.27,983.16,25.53,rice
23.17,47.02,981.94,1013.27,29.42,rice
19.95,70.64,283.52,997.9,1.81,rice
12.88,81.69,814.68,982.87,21.4,rice
20.93,84.53,129.73,1022.69,24.69,rice
21.77,58.88,776.78,988.17,15.7,rice
27.28,86.33,509.83,999.41,21.67,rice
27.75,53.94,615.19,991.54,4.98,rice
11.43,65.0,739.47,988.8,23.58,rice
13.02,74.03,726.83,1029.99,19.94,rice
26.4,69.03,697.02,985.34,27.39,rice
23.75,74.42,322.79,1006.71,28.76,rice
21.42,60.98,798.55,1003.65,2.96,rice
12.78,69.16,990.76,1025.65,10.67,rice
23.48,94.49,428.95,1009.49,6.33,rice
20.58,51.08,772.92,1010.45,6.06,rice
20.63,52.14,182.76,981.71,5.6,rice
27.47,50.99,158.23,990.26,10.68,rice
13.86,94.33,923.11,1024.66,21.46,rice
14.75,67.08,312.21,991.42,13.73,rice
15.61,75.93,607.82,1029.23,18.79,rice
19.26,49.07,548.74,1000.87,8.98,rice
15.98,88.82,939.47,1022.56,4.75,rice
23.08,47.02,665.02,999.93,16.29,rice
27.14,85.92,174.44,1025.34,2.11,rice
15.93,56.8,791.05,981.26,5.44,rice
19.07,84.8,395.21,990.43,12.41,rice
23.17,94.97,118.07,1001.5,13.29,rice
14.04,54.85,810.04,1014.93,22.21,rice
13.37,69.62,432.34,993.79,27.66,rice
12.64,70.3,653.86,1000.24,25.21,rice
23.89,85.73,363.21,1015.72,26.14,rice
27.67,79.52,816.94,1016.85,0.22,rice
14.44,72.31,830.74,1024.79,8.96,rice
21.85,56.41,172.3,1022.41,20.91,rice
25.45,75.41,730.64,989.67,14.64,rice
15.73,59.02,903.53,982.82,7.69,rice
24.63,54.53,692.76,983.76,9.92,rice
26.36,77.82,663.41,994.82,26.48,rice
14.22,89.87,262.69,984.17,2.51,rice
23.33,60.12,467.39,1024.69,28.34,rice
25.37,67.74,648.8,1021.06,19.38,rice
21.27,91.43,301.97,995.98,13.08,rice
27.79,75.62,524.69,981.61,11.65,rice
15.77,76.52,287.25,1013.16,28.56,rice
23.46,54.79,714.96,995.66,23.24,rice
12.57,47.52,695.43,1028.05,6.8,rice
24.16,64.37,188.3,1017.77,28.4,rice
25.03,60.67,766.48,982.65,9.78,rice
23.0,60.38,150.06,1020.82,13.2,rice
26.68,82.33,328.63,987.53,9.72,rice
20.98,80.39,319.14,1007.02,6.81,rice
16.0,59.79,987.54,981.66,7.84,rice
25.35,81.64,781.07,981.42,25.47,rice
18.09,91.28,855.4,1012.45,4.5,rice
22.34,91.07,236.2,980.8,26.07,rice
15.45,95.07,394.64,988.64,24.16,rice
20.4,85.29,281.99,1015.61,17.66,rice
11.2,59.71,771.56,998.77,20.28,rice
24.87,78.28,716.06,1016.0,27.96,rice
27.09,70.65,442.55,991.58,24.1,rice
25.82,64.81,457.15,999.46,26.41,rice
11.88,51.42,376.17,984.51,3.42,rice
12.34,52.77,317.62,1022.27,1.32,rice
11.75,89.4,124.78,996.54,3.96,rice
22.1,63.07,517.12,1012.17,7.18,rice
27.65,90.45,870.01,1008.5,16.53,watermelon
17.5,63.35,367.9,1013.71,13.32,watermelon
20.04,90.07,305.65,998.45,2.59,watermelon
19.53,50.61,483.57,983.53,23.61,watermelon
26.68,65.08,774.49,1011.79,19.51,watermelon
12.23,67.16,390.29,1023.34,12.22,watermelon
28.0,92.71,434.73,1017.98,10.9,watermelon
22.77,88.71,766.96,1016.19,18.08,watermelon
26.83,54.89,675.86,1004.7,23.09,watermelon
23.05,61.43,150.44,1025.56,14.11,watermelon
19.79,70.31,113.73,986.65,10.27,watermelon
26.75,74.22,556.42,1024.25,4.86,watermelon
14.79,56.21,549.06,1008.97,16.63,watermelon
26.23,78.83,867.07,984.96,17.55,watermelon
22.05,89.95,878.17,1012.25,12.6,watermelon
12.08,66.44,640.17,1002.0,16.22,watermelon
13.69,86.26,319.94,980.93,27.35,watermelon
21.5,75.41,392.93,991.76,23.98,watermelon
21.79,95.01,324.45,1007.19,18.25,watermelon
27.02,73.09,427.33,1025.88,8.03,watermelon
17.01,76.32,785.65,1001.9,1.78,watermelon
14.72,71.68,126.01,1011.95,25.37,watermelon
21.78,63.16,820.26,981.3,24.31,watermelon
24.5,79.99,576.57,1017.17,8.58,watermelon
11.47,54.7,424.35,1022.29,10.86,watermelon
14.76,70.58,941.91,992.18,9.6,watermelon
25.08,85.64,994.1,1029.24,9.75,watermelon
27.37,64.12,997.37,990.86,23.0,watermelon
18.05,57.68,650.51,986.33,18.81,watermelon
21.42,63.59,761.56,1001.7,18.09,watermelon
21.7,90.2,653.0,1021.56,14.04,watermelon
12.63,72.49,535.92,1025.19,7.04,watermelon
16.86,65.57,607.83,1019.58,4.03,watermelon
14.75,88.29,904.51,1021.77,19.28,watermelon
13.74,91.8,635.61,1014.88,7.34,watermelon
17.94,67.1,348.06,1008.72,9.55,watermelon
25.08,83.14,685.79,1017.5,24.53,watermelon
22.65,74.88,824.4,1013.07,3.35,watermelon
24.16,55.18,461.03,992.06,23.46,watermelon
17.93,68.41,759.68,992.14,20.0,watermelon
18.75,71.8,926.13,981.85,8.17,watermelon
23.82,56.82,196.62,1021.68,18.04,watermelon
17.33,74.52,566.2,1005.02,21.3,watermelon
21.11,76.45,569.64,982.32,7.17,watermelon
11.41,85.43,370.52,1021.37,9.02,watermelon
18.83,57.63,125.12,996.77,26.84,watermelon
22.12,75.5,344.41,990.04,20.25,watermelon
20.85,47.48,526.6,1015.05,6.04,watermelon
18.77,53.45,927.53,1009.25,26.01,watermelon
21.21,82.07,944.81,1024.45,2.69,watermelon
27.46,72.56,143.28,1019.25,0.56,watermelon
12.13,84.47,235.27,1027.61,14.22,watermelon
27.67,88.37,614.25,990.6,6.71,watermelon
17.45,94.75,937.2,993.8,19.19,watermelon
12.39,63.27,290.63,1006.2,4.06,watermelon
15.17,64.97,901.32,1001.98,4.36,watermelon
22.08,75.63,994.74,1027.09,8.07,watermelon
22.19,85.42,952.42,983.09,13.42,watermelon
17.4,59.57,319.95,986.35,19.9,watermelon
17.02,78.0,502.88,1000.86,20.64,watermelon
24.52,61.32,248.92,1014.99,1.38,watermelon
13.81,62.12,899.85,1017.97,13.48,watermelon
18.36,62.2,408.2,1008.49,5.1,watermelon
14.37,62.67,115.77,1011.49,8.04,watermelon
18.75,51.56,149.55,1007.49,5.78,watermelon
25.99,51.47,866.53,1014.42,22.31,watermelon
12.96,82.8,246.82,1010.13,4.72,watermelon
13.32,55.76,738.73,1026.04,1.83,watermelon
16.37,55.46,132.37,993.92,18.95,watermelon
19.98,48.48,895.91,1026.0,24.67,watermelon
15.96,78.86,418.3,993.25,6.93,watermelon
18.7,64.64,826.76,1011.47,3.97,watermelon
23.82,70.07,523.71,988.22,9.49,watermelon
22.13,81.13,275.71,1001.87,10.87,watermelon
27.41,83.84,325.94,1009.54,7.94,watermelon
16.13,56.41,542.3,1016.06,17.96,watermelon
27.32,73.19,265.23,1004.37,13.65,watermelon
15.75,81.64,797.55,1001.15,21.69,watermelon
26.9,52.23,256.76,988.14,4.62,watermelon
20.07,50.56,769.83,1011.46,29.32,watermelon
21.57,77.11,149.3,993.74,24.16,watermelon
24.83,87.28,810.58,1002.47,15.14,watermelon
13.75,77.3,543.16,1026.79,21.89,watermelon
14.64,80.96,465.25,1017.78,12.71,watermelon
27.44,92.6,643.12,1002.55,13.07,watermelon
27.52,88.43,451.01,981.45,7.46,watermelon
12.3,51.54,246.99,1023.5,8.61,watermelon
21.85,64.71,254.93,1019.5,8.19,watermelon
11.24,68.05,267.67,1025.77,6.88,watermelon
16.66,57.55,471.29,1016.17,17.79,watermelon
25.28,79.78,913.65,993.59,15.92,watermelon
22.58,78.88,503.2,1002.55,15.95,watermelon
27.37,87.15,565.89,983.47,4.26,watermelon
16.52,83.22,707.53,1007.61,3.27,watermelon
12.45,95.98,911.8,1003.5,5.47,watermelon
25.62,84.34,407.76,1028.18,25.44,watermelon
15.14,66.77,166.1,1009.09,2.54,watermelon
13.83,58.47,854.36,995.36,15.59,watermelon
18.69,71.02,143.92,1009.76,11.2,watermelon
15.09,67.62,926.38,1021.98,18.06,watermelon
